rules,support,confidence,lift,count
{Organic Fuji Apples} => {Bag of Organic Bananas},0.000546833,0.318132465,2.695363788,1758
{Zero Calorie Cola} => {Soda},0.001234885,0.463893433,41.66854619,3970
{YoKids Squeeze Organic Blueberry Blue Yogurt} => {YoKids Squeeze! Organic Strawberry Flavor Yogurt},0.000526926,0.48706153,230.0340015,1694
{Red Delicious Apple} => {Banana},0.000550255,0.417906922,2.843033439,1769
{Blueberries Pint} => {Banana},0.000525993,0.373371605,2.540058333,1691
{Small Macintosh Apple} => {Banana},0.000538435,0.34386174,2.339301827,1731
{Non-Fat Greek Yogurt With Strawberries on the Bottom} => {Banana},0.000555232,0.383870968,2.611485814,1785
{Bolthouse Baby Carrots} => {Banana},0.000512928,0.348920863,2.373719195,1649
{All Natural Apricot Sparkling Water} => {Sparkling Water Grapefruit},0.000570162,0.333454612,14.12664472,1833
"{Organic Peach Lowfat Yogurt} => {Yogurt, Lowfat, Strawberry}",0.000538435,0.407869934,163.2939535,1731
{Golden Delicious Apple} => {Banana},0.000695517,0.432077295,2.939434915,2236
{Almond Milk Blueberry Yogurt} => {Almond Milk Peach Yogurt},0.000702982,0.479219678,327.3063272,2260
{Almond Milk Peach Yogurt} => {Almond Milk Blueberry Yogurt},0.000702982,0.480135968,327.3063272,2260
{Almond Milk Blueberry Yogurt} => {Almond Milk Strawberry Yogurt},0.000840468,0.572943172,322.073808,2702
{Almond Milk Strawberry Yogurt} => {Almond Milk Blueberry Yogurt},0.000840468,0.47246022,322.073808,2702
{Almond Milk Peach Yogurt} => {Almond Milk Strawberry Yogurt},0.000770481,0.526237519,295.8187299,2477
{Almond Milk Strawberry Yogurt} => {Almond Milk Peach Yogurt},0.000770481,0.433117678,295.8187299,2477
"{Lowfat Blueberry Yogurt} => {Yogurt, Lowfat, Strawberry}",0.000620553,0.461698681,184.8447179,1995
{Mandarins Bag} => {Banana},0.000572962,0.338292011,2.301410791,1842
{Chocolate Peanut Butter} => {Coconut Chia Bar},0.000581671,0.40154606,277.1999113,1870
{Coconut Chia Bar} => {Chocolate Peanut Butter},0.000581671,0.40154606,277.1999113,1870
{Medium Scarlet Raspberries} => {Strawberries},0.000628952,0.401429422,9.027883768,2022
{Medium Scarlet Raspberries} => {Banana},0.000580738,0.370657137,2.521591724,1867
{Organic Greek Lowfat Yogurt With Blueberries} => {Organic Greek Lowfat Yogurt With Strawberries},0.000609355,0.410175879,208.9468817,1959
{Organic Greek Lowfat Yogurt With Strawberries} => {Organic Greek Lowfat Yogurt With Blueberries},0.000609355,0.310410395,208.9468817,1959
{Apples} => {Clementines},0.001247016,0.318807157,33.23038745,4009
{Organic Cherries} => {Organic Strawberries},0.000527859,0.301474507,3.66174841,1697
{Non Fat Black Cherry on the Bottom Greek Yogurt} => {Blueberry on the Bottom Nonfat Greek Yogurt},0.000512617,0.353420545,178.255808,1648
{Non Fat Black Cherry on the Bottom Greek Yogurt} => {Peach on the Bottom Nonfat Greek Yogurt},0.000527859,0.363928801,150.3257408,1697
{Blueberry Whole Milk Yogurt Pouch} => {Yotoddler Organic Pear Spinach Mango Yogurt},0.00056643,0.369821284,194.1108292,1821
{Blueberry Whole Milk Yogurt Pouch} => {Organic Whole Milk Strawberry Beet Berry Yogurt Pouch},0.000633306,0.413484972,211.638606,2036
{Organic Whole Milk Strawberry Beet Berry Yogurt Pouch} => {Blueberry Whole Milk Yogurt Pouch},0.000633306,0.324152205,211.638606,2036
{Raspberry on the Bottom Nonfat Greek Yogurt} => {Blueberry on the Bottom Nonfat Greek Yogurt},0.000523815,0.334857825,168.8932717,1684
{Raspberry on the Bottom Nonfat Greek Yogurt} => {Strawberry on the Bottom Nonfat Greek Yogurt},0.000543101,0.347186319,146.1134011,1746
{Raspberry on the Bottom Nonfat Greek Yogurt} => {Peach on the Bottom Nonfat Greek Yogurt},0.000574206,0.367070988,151.6236639,1846
{Organic Black Plum} => {Organic Strawberries},0.00053408,0.321475379,3.904681593,1717
{Vanilla Almond Milk Yogurt} => {Almond Milk Strawberry Yogurt},0.000563319,0.332659809,187.001114,1811
{Almond Milk Strawberry Yogurt} => {Vanilla Almond Milk Yogurt},0.000563319,0.316663752,187.001114,1811
{Bosc Pear} => {Banana},0.000693029,0.390124321,2.654027569,2228
{Sweet Potato Yam} => {Banana},0.000787278,0.404183967,2.749675761,2531
"{Organic Raspberry Lowfat Yogurt} => {Yogurt, Lowfat, Strawberry}",0.00061371,0.374312275,149.8588792,1973
{Peanut Butter Creamy With Salt} => {Banana},0.000630818,0.324635825,2.208507346,2028
{Grade A Large Brown Eggs} => {Bag of Organic Bananas},0.000611533,0.307764559,2.607522144,1966
"{Peach,  Apricot & Banana Stage 2 Baby Food} => {Baby Food Stage 2 Blueberry Pear & Purple Carrot}",0.000508263,0.320580734,117.2099017,1634
{Cherry Pie Fruit & Nut Bar} => {Apple Pie Fruit & Nut Food Bar},0.00062273,0.361306623,155.3712238,2002
{Whole Wheat English Muffins} => {Banana},0.000649792,0.320055156,2.177344911,2089
{Yotoddler Organic Pear Spinach Mango Yogurt} => {Organic Whole Milk Strawberry Beet Berry Yogurt Pouch},0.000878106,0.460897959,235.9065222,2823
{Organic Whole Milk Strawberry Beet Berry Yogurt Pouch} => {Yotoddler Organic Pear Spinach Mango Yogurt},0.000878106,0.449450724,235.9065222,2823
"{Organic Pears, Peas and Broccoli Puree Stage 1} => {Stage 1 Apples Sweet Potatoes Pumpkin & Blueberries Organic Pureed Baby Food}",0.000598779,0.382475661,220.3209204,1925
"{Stage 1 Apples Sweet Potatoes Pumpkin & Blueberries Organic Pureed Baby Food} => {Organic Pears, Peas and Broccoli Puree Stage 1}",0.000598779,0.344920265,220.3209204,1925
{Blueberry Muffin Bar} => {Apple Pie Fruit & Nut Food Bar},0.000567985,0.317509998,136.5375385,1826
{Garnet Sweet Potato (Yam)} => {Banana},0.000656013,0.313140312,2.13030302,2109
{Strawberry Rhubarb Yogurt} => {Mixed Berries Whole Milk Icelandic Style Skyr Yogurt},0.000712936,0.348593156,155.1547935,2292
{Mixed Berries Whole Milk Icelandic Style Skyr Yogurt} => {Strawberry Rhubarb Yogurt},0.000712936,0.317319673,155.1547935,2292
{Organic Nonfat Greek Yogurt With Peaches} => {Organic Greek Nonfat Yogurt With Mixed Berries},0.000686808,0.363936047,169.7879171,2208
{Organic Greek Nonfat Yogurt With Mixed Berries} => {Organic Nonfat Greek Yogurt With Peaches},0.000686808,0.320417936,169.7879171,2208
{Curate Melon Pomelo Sparking Water} => {Kiwi Sandia Sparkling Water},0.000701427,0.319858156,112.4074846,2255
{Curate Melon Pomelo Sparking Water} => {Blackberry Cucumber Sparkling Water},0.000743108,0.338865248,96.94839157,2389
{Yellow Straightneck Squash} => {Organic Zucchini},0.000632062,0.313531862,9.615880413,2032
{Blueberry on the Bottom Nonfat Greek Yogurt} => {Strawberry on the Bottom Nonfat Greek Yogurt},0.000860687,0.434107311,182.6941101,2767
{Strawberry on the Bottom Nonfat Greek Yogurt} => {Blueberry on the Bottom Nonfat Greek Yogurt},0.000860687,0.362220186,182.6941101,2767
{Blueberry on the Bottom Nonfat Greek Yogurt} => {Peach on the Bottom Nonfat Greek Yogurt},0.000737509,0.371979918,153.6513643,2371
{Peach on the Bottom Nonfat Greek Yogurt} => {Blueberry on the Bottom Nonfat Greek Yogurt},0.000737509,0.304638314,153.6513643,2371
{Pink Lady (Cripps) Apple} => {Banana},0.000875618,0.367110068,2.497460904,2815
{Mixed Berries Whole Milk Icelandic Style Skyr Yogurt} => {Vanilla Skyr Style Yogurt},0.000718224,0.319673266,115.3433525,2309
{YoKids Strawberry Banana/Strawberry Yogurt} => {Banana},0.000629574,0.300341297,2.043230935,2024
{Fat Free Blueberry Yogurt} => {Fat Free Strawberry Yogurt},0.000727867,0.326359833,106.9199776,2340
{Fat Free Blueberry Yogurt} => {Total 0% Raspberry Yogurt},0.000822427,0.368758717,97.54898471,2644
{Cherry Pomegranate Greek Yogurt} => {Banana},0.000666278,0.312335958,2.124830977,2142
{Lemon Sparkling Water} => {Grapefruit Sparkling Water},0.001037366,0.351200505,75.63406845,3335
{Strawberry on the Bottom Nonfat Greek Yogurt} => {Peach on the Bottom Nonfat Greek Yogurt},0.000828959,0.348867653,144.1045287,2665
{Peach on the Bottom Nonfat Greek Yogurt} => {Strawberry on the Bottom Nonfat Greek Yogurt},0.000828959,0.342412951,144.1045287,2665
{Whole Strawberries} => {Banana},0.000946538,0.344933122,2.346590469,3043
{Grape Tomatoes} => {Banana},0.000830204,0.30685215,2.087524465,2669
{Broccoli & Apple Stage 2 Baby Food} => {Spinach Peas & Pear Stage 2 Baby Food},0.000727556,0.342109112,136.8808575,2339
{Kiwi Sandia Sparkling Water} => {Blackberry Cucumber Sparkling Water},0.000982931,0.345430695,98.82674743,3160
{Red Mango} => {Banana},0.000792255,0.308390846,2.097992263,2547
{Red Plums} => {Banana},0.000881528,0.319539971,2.173840093,2834
{Non Fat Acai & Mixed Berries Yogurt} => {Non Fat Raspberry Yogurt},0.000978265,0.36308012,71.27415509,3145
{Non Fat Acai & Mixed Berries Yogurt} => {Icelandic Style Skyr Blueberry Non-fat Yogurt},0.001220888,0.453128608,75.64788802,3925
{Raspberry Yoghurt} => {Blueberry Yoghurt},0.000907034,0.348470363,114.4552831,2916
{Black Plum} => {Banana},0.00092943,0.322330097,2.192821408,2988
{Medium Navel Orange} => {Banana},0.001012481,0.326840044,2.223502714,3255
{Fat Free Strawberry Yogurt} => {Total 0% Raspberry Yogurt},0.000935962,0.306634057,81.11493927,3009
{Spinach Peas & Pear Stage 2 Baby Food} => {Baby Food Stage 2 Blueberry Pear & Purple Carrot},0.000758972,0.303671437,111.0275684,2440
{Mandarin Oranges} => {Banana},0.001154011,0.330129916,2.245883814,3710
{Nonfat Icelandic Style Strawberry Yogurt} => {Non Fat Raspberry Yogurt},0.001188538,0.35834193,70.34402845,3821
{Nonfat Icelandic Style Strawberry Yogurt} => {Vanilla Skyr Nonfat Yogurt},0.001212489,0.365563162,64.78004112,3898
{Nonfat Icelandic Style Strawberry Yogurt} => {Icelandic Style Skyr Blueberry Non-fat Yogurt},0.001418096,0.427553221,71.37818638,4559
{Organic Honey Sweet Whole Wheat Bread} => {Bag of Organic Bananas},0.001160543,0.31875267,2.700618449,3731
{Organic Yellow Squash} => {Organic Zucchini},0.001552782,0.444800855,13.64184106,4992
{Organic Nectarine} => {Organic Strawberries},0.001428983,0.350660255,4.259164874,4594
{Berry Medley} => {Banana},0.001401299,0.316651437,2.154189314,4505
{Frozen Broccoli Florets} => {Banana},0.001464754,0.304631906,2.072420077,4709
{Large Yellow Flesh Nectarine} => {Banana},0.001620281,0.340435266,2.315991418,5209
{XL Emerald White Seedless Grapes} => {Banana},0.001734127,0.354193139,2.409586643,5575
{Sparkling Water Berry} => {Sparkling Water Grapefruit},0.001878767,0.346907128,14.69655411,6040
{Asparation/Broccolini/Baby Broccoli} => {Banana},0.001889654,0.36740248,2.49945019,6075
{Non Fat Raspberry Yogurt} => {Vanilla Skyr Nonfat Yogurt},0.001585443,0.311229163,55.15172217,5097
{Non Fat Raspberry Yogurt} => {Icelandic Style Skyr Blueberry Non-fat Yogurt},0.002247055,0.44110643,73.64083669,7224
{Icelandic Style Skyr Blueberry Non-fat Yogurt} => {Non Fat Raspberry Yogurt},0.002247055,0.375136314,73.64083669,7224
{Mango Chunks} => {Banana},0.001744703,0.31691056,2.155952132,5609
{Vanilla Skyr Nonfat Yogurt} => {Icelandic Style Skyr Blueberry Non-fat Yogurt},0.002069443,0.366718113,61.2220245,6653
{Icelandic Style Skyr Blueberry Non-fat Yogurt} => {Vanilla Skyr Nonfat Yogurt},0.002069443,0.345484759,61.2220245,6653
{Peach Pear Flavored Sparkling Water} => {Sparkling Water Grapefruit},0.002092461,0.31681816,13.42184944,6727
{Gala Apples} => {Banana},0.002728256,0.36415345,2.477346945,8771
{Total 2% Lowfat Greek Strained Yogurt with Peach} => {Total 2% Lowfat Greek Strained Yogurt With Blueberry},0.001954042,0.315551537,48.87072127,6282
{Total 2% Lowfat Greek Strained Yogurt With Blueberry} => {Total 2% Lowfat Greek Strained Yogurt with Peach},0.001954042,0.302630311,48.87072127,6282
{Total 2% Lowfat Greek Strained Yogurt with Peach} => {Total 2% with Strawberry Lowfat Greek Strained Yogurt},0.002492788,0.402551738,43.29284836,8014
{Organic Yellow Peaches} => {Organic Strawberries},0.002248922,0.339420684,4.122647596,7230
{Total 2% Lowfat Greek Strained Yogurt With Blueberry} => {Total 2% with Strawberry Lowfat Greek Strained Yogurt},0.002902447,0.449513441,48.34339387,9331
{Total 2% with Strawberry Lowfat Greek Strained Yogurt} => {Total 2% Lowfat Greek Strained Yogurt With Blueberry},0.002902447,0.312146656,48.34339387,9331
{Organic Bosc Pear} => {Bag of Organic Bananas},0.002079086,0.311884653,2.642429469,6684
{No Salt Added Black Beans} => {Banana},0.002723901,0.313601203,2.133438479,8757
{Granny Smith Apples} => {Banana},0.003730162,0.331389726,2.254454335,11992
{Bartlett Pears} => {Banana},0.004255843,0.386355293,2.628386755,13682
"{Clementines, Bag} => {Banana}",0.003858938,0.311512869,2.119231476,12406
{Broccoli Crown} => {Banana},0.004305612,0.329226525,2.239738013,13842
{Organic Navel Orange} => {Bag of Organic Bananas},0.004360669,0.328152431,2.780257526,14019
{Organic D'Anjou Pears} => {Bag of Organic Bananas},0.004636263,0.304712256,2.58166164,14905
{Organic Large Extra Fancy Fuji Apple} => {Bag of Organic Bananas},0.00726747,0.31083616,2.63354616,23364
{Honeycrisp Apple} => {Banana},0.008836427,0.356128321,2.422751745,28408
{Organic Fuji Apple} => {Banana},0.010558112,0.378692878,2.576259109,33943
{Cucumber Kirby} => {Banana},0.009983906,0.329825823,2.24381506,32097
{Organic Avocado} => {Banana},0.016608738,0.301982298,2.054394714,53395
"{Non Fat Acai & Mixed Berries Yogurt,Non Fat Raspberry Yogurt} => {Icelandic Style Skyr Blueberry Non-fat Yogurt}",0.000587892,0.600953895,100.3266891,1890
"{Icelandic Style Skyr Blueberry Non-fat Yogurt,Non Fat Acai & Mixed Berries Yogurt} => {Non Fat Raspberry Yogurt}",0.000587892,0.481528662,94.52610228,1890
"{Non Fat Raspberry Yogurt,Nonfat Icelandic Style Strawberry Yogurt} => {Vanilla Skyr Nonfat Yogurt}",0.000545589,0.459042136,81.34509021,1754
"{Nonfat Icelandic Style Strawberry Yogurt,Vanilla Skyr Nonfat Yogurt} => {Non Fat Raspberry Yogurt}",0.000545589,0.449974346,88.33185718,1754
"{Non Fat Raspberry Yogurt,Vanilla Skyr Nonfat Yogurt} => {Nonfat Icelandic Style Strawberry Yogurt}",0.000545589,0.344123995,103.7527228,1754
"{Non Fat Raspberry Yogurt,Nonfat Icelandic Style Strawberry Yogurt} => {Icelandic Style Skyr Blueberry Non-fat Yogurt}",0.000657257,0.552996598,92.32042292,2113
"{Icelandic Style Skyr Blueberry Non-fat Yogurt,Nonfat Icelandic Style Strawberry Yogurt} => {Non Fat Raspberry Yogurt}",0.000657257,0.463478833,90.98284484,2113
"{Nonfat Icelandic Style Strawberry Yogurt,Vanilla Skyr Nonfat Yogurt} => {Icelandic Style Skyr Blueberry Non-fat Yogurt}",0.000668455,0.551308363,92.03857938,2149
"{Icelandic Style Skyr Blueberry Non-fat Yogurt,Nonfat Icelandic Style Strawberry Yogurt} => {Vanilla Skyr Nonfat Yogurt}",0.000668455,0.471375302,83.5306031,2149
"{Icelandic Style Skyr Blueberry Non-fat Yogurt,Vanilla Skyr Nonfat Yogurt} => {Nonfat Icelandic Style Strawberry Yogurt}",0.000668455,0.323012175,97.38754975,2149
"{Peach Pear Flavored Sparkling Water,Sparkling Water Berry} => {Sparkling Water Grapefruit}",0.000615887,0.573414422,24.29242703,1980
"{Sparkling Water Berry,Sparkling Water Grapefruit} => {Peach Pear Flavored Sparkling Water}",0.000615887,0.32781457,49.63417965,1980
"{Sparkling Lemon Water,Sparkling Water Berry} => {Lime Sparkling Water}",0.00060189,0.512718601,35.41283246,1935
"{Lime Sparkling Water,Sparkling Water Berry} => {Sparkling Lemon Water}",0.00060189,0.460166468,45.119471,1935
"{Sparkling Lemon Water,Sparkling Water Berry} => {Sparkling Water Grapefruit}",0.000711381,0.605988341,25.67240549,2287
"{Sparkling Water Berry,Sparkling Water Grapefruit} => {Sparkling Lemon Water}",0.000711381,0.378642384,37.12600817,2287
"{Lime Sparkling Water,Sparkling Water Berry} => {Sparkling Water Grapefruit}",0.000826782,0.632104637,26.77880984,2658
"{Sparkling Water Berry,Sparkling Water Grapefruit} => {Lime Sparkling Water}",0.000826782,0.440066225,30.39482373,2658
"{Blackberries,Raspberries} => {Strawberries}",0.000609355,0.332597623,7.479901861,1959
"{Blackberries,Strawberries} => {Raspberries}",0.000609355,0.356505914,19.88413593,1959
"{Non Fat Raspberry Yogurt,Vanilla Skyr Nonfat Yogurt} => {Icelandic Style Skyr Blueberry Non-fat Yogurt}",0.000910767,0.574455562,95.90290548,2928
"{Icelandic Style Skyr Blueberry Non-fat Yogurt,Non Fat Raspberry Yogurt} => {Vanilla Skyr Nonfat Yogurt}",0.000910767,0.405315615,71.8244202,2928
"{Icelandic Style Skyr Blueberry Non-fat Yogurt,Vanilla Skyr Nonfat Yogurt} => {Non Fat Raspberry Yogurt}",0.000910767,0.44010221,86.39391529,2928
"{Banana,Non Fat Raspberry Yogurt} => {Icelandic Style Skyr Blueberry Non-fat Yogurt}",0.000605,0.485764236,81.0962669,1945
"{Banana,Icelandic Style Skyr Blueberry Non-fat Yogurt} => {Non Fat Raspberry Yogurt}",0.000605,0.381073668,74.80636419,1945
"{Banana,Vanilla Skyr Nonfat Yogurt} => {Icelandic Style Skyr Blueberry Non-fat Yogurt}",0.000525059,0.38276644,63.90122427,1688
"{Banana,Icelandic Style Skyr Blueberry Non-fat Yogurt} => {Vanilla Skyr Nonfat Yogurt}",0.000525059,0.330721003,58.60579618,1688
"{Peach Pear Flavored Sparkling Water,Sparkling Lemon Water} => {Lime Sparkling Water}",0.000583538,0.572474825,39.54012008,1876
"{Lime Sparkling Water,Peach Pear Flavored Sparkling Water} => {Sparkling Lemon Water}",0.000583538,0.44476055,43.60891572,1876
"{Peach Pear Flavored Sparkling Water,Sparkling Lemon Water} => {Sparkling Water Grapefruit}",0.000648548,0.63625267,26.95453926,2085
"{Peach Pear Flavored Sparkling Water,Sparkling Water Grapefruit} => {Sparkling Lemon Water}",0.000648548,0.309944998,30.39020723,2085
"{Lime Sparkling Water,Peach Pear Flavored Sparkling Water} => {Sparkling Water Grapefruit}",0.000850422,0.64817449,27.45960146,2734
"{Peach Pear Flavored Sparkling Water,Sparkling Water Grapefruit} => {Lime Sparkling Water}",0.000850422,0.406421882,28.07105103,2734
"{Total 2% Greek Strained Yogurt with Cherry 5.3 oz,Total 2% Lowfat Greek Strained Yogurt with Peach} => {Total 2% Lowfat Greek Strained Yogurt With Blueberry}",0.000710759,0.461150353,71.42018887,2285
"{Total 2% Greek Strained Yogurt with Cherry 5.3 oz,Total 2% Lowfat Greek Strained Yogurt With Blueberry} => {Total 2% Lowfat Greek Strained Yogurt with Peach}",0.000710759,0.431783825,69.72727504,2285
"{Total 2% Lowfat Greek Strained Yogurt With Blueberry,Total 2% Lowfat Greek Strained Yogurt with Peach} => {Total 2% Greek Strained Yogurt with Cherry 5.3 oz}",0.000710759,0.363737663,64.80662581,2285
"{Total 2% Greek Strained Yogurt with Cherry 5.3 oz,Total 2% Lowfat Greek Strained Yogurt with Peach} => {Total 2% with Strawberry Lowfat Greek Strained Yogurt}",0.00074933,0.48617558,52.28626208,2409
"{Total 2% Greek Strained Yogurt with Cherry 5.3 oz,Total 2% with Strawberry Lowfat Greek Strained Yogurt} => {Total 2% Lowfat Greek Strained Yogurt with Peach}",0.00074933,0.446028513,72.02760049,2409
"{Total 2% Lowfat Greek Strained Yogurt with Peach,Total 2% with Strawberry Lowfat Greek Strained Yogurt} => {Total 2% Greek Strained Yogurt with Cherry 5.3 oz}",0.00074933,0.300598952,53.55729077,2409
"{Total 2% Greek Strained Yogurt with Cherry 5.3 oz,Total 2% Lowfat Greek Strained Yogurt With Blueberry} => {Total 2% with Strawberry Lowfat Greek Strained Yogurt}",0.000799409,0.4856387,52.22852272,2570
"{Total 2% Greek Strained Yogurt with Cherry 5.3 oz,Total 2% with Strawberry Lowfat Greek Strained Yogurt} => {Total 2% Lowfat Greek Strained Yogurt With Blueberry}",0.000799409,0.475837808,73.69489337,2570
"{Banana,Total 2% Greek Strained Yogurt with Cherry 5.3 oz} => {Total 2% with Strawberry Lowfat Greek Strained Yogurt}",0.000502975,0.303263316,32.61477099,1617
"{Organic Hass Avocado,Organic Large Green Asparagus} => {Bag of Organic Bananas}",0.000553987,0.374631889,3.174052759,1781
"{Bag of Organic Bananas,Organic Large Green Asparagus} => {Organic Hass Avocado}",0.000553987,0.351559416,5.291684888,1781
"{Organic Cilantro,Organic Jalapeno Pepper} => {Limes}",0.00053408,0.408420552,9.33690268,1717
"{Limes,Organic Jalapeno Pepper} => {Organic Cilantro}",0.00053408,0.316381058,14.62984346,1717
"{Total 2% All Natural Greek Strained Yogurt with Honey,Total 2% Lowfat Greek Strained Yogurt with Peach} => {Total 2% Lowfat Greek Strained Yogurt With Blueberry}",0.000573584,0.496099005,76.83282548,1844
"{Total 2% All Natural Greek Strained Yogurt with Honey,Total 2% Lowfat Greek Strained Yogurt With Blueberry} => {Total 2% Lowfat Greek Strained Yogurt with Peach}",0.000573584,0.470888662,76.04217983,1844
"{Total 2% Lowfat Greek Strained Yogurt With Blueberry,Total 2% Lowfat Greek Strained Yogurt with Peach} => {Total 2% with Strawberry Lowfat Greek Strained Yogurt}",0.001161165,0.594237504,63.90789487,3733
"{Total 2% Lowfat Greek Strained Yogurt with Peach,Total 2% with Strawberry Lowfat Greek Strained Yogurt} => {Total 2% Lowfat Greek Strained Yogurt With Blueberry}",0.001161165,0.465809833,72.141821,3733
"{Total 2% Lowfat Greek Strained Yogurt With Blueberry,Total 2% with Strawberry Lowfat Greek Strained Yogurt} => {Total 2% Lowfat Greek Strained Yogurt with Peach}",0.001161165,0.400064302,64.6049991,3733
"{Banana,Total 2% Lowfat Greek Strained Yogurt with Peach} => {Total 2% Lowfat Greek Strained Yogurt With Blueberry}",0.000574517,0.316646666,49.04032817,1847
"{Total 2% All Natural Greek Strained Yogurt with Honey,Total 2% Lowfat Greek Strained Yogurt with Peach} => {Total 2% with Strawberry Lowfat Greek Strained Yogurt}",0.000699872,0.605326877,65.10051306,2250
"{Total 2% All Natural Greek Strained Yogurt with Honey,Total 2% with Strawberry Lowfat Greek Strained Yogurt} => {Total 2% Lowfat Greek Strained Yogurt with Peach}",0.000699872,0.38981289,62.94953407,2250
"{Total 2% Lowfat Greek Strained Yogurt with Peach,Total 2% with Strawberry Lowfat Greek Strained Yogurt} => {Banana}",0.000752129,0.301721987,2.052623808,2418
"{Banana,Total 2% Lowfat Greek Strained Yogurt with Peach} => {Total 2% with Strawberry Lowfat Greek Strained Yogurt}",0.000752129,0.414537974,44.58192063,2418
"{Bag of Organic Bananas,Organic Green Seedless Grapes} => {Organic Strawberries}",0.000559898,0.346553716,4.209286318,1800
"{Organic Hass Avocado,Organic Yellow Peaches} => {Organic Strawberries}",0.000538746,0.41356256,5.023184415,1732
"{Bag of Organic Bananas,Organic Yellow Peaches} => {Organic Strawberries}",0.000560831,0.394270719,4.788863225,1803
"{Total 2% All Natural Greek Strained Yogurt with Honey,Total 2% Lowfat Greek Strained Yogurt With Blueberry} => {Total 2% with Strawberry Lowfat Greek Strained Yogurt}",0.000748085,0.614147089,66.04909203,2405
"{Total 2% All Natural Greek Strained Yogurt with Honey,Total 2% with Strawberry Lowfat Greek Strained Yogurt} => {Total 2% Lowfat Greek Strained Yogurt With Blueberry}",0.000748085,0.416666667,64.53082346,2405
"{Total 2% Lowfat Greek Strained Yogurt With Blueberry,Total 2% with Strawberry Lowfat Greek Strained Yogurt} => {Banana}",0.000871263,0.300182188,2.042148515,2801
"{Banana,Total 2% Lowfat Greek Strained Yogurt With Blueberry} => {Total 2% with Strawberry Lowfat Greek Strained Yogurt}",0.000871263,0.453897261,48.81485646,2801
"{Banana,Total 2% with Strawberry Lowfat Greek Strained Yogurt} => {Total 2% Lowfat Greek Strained Yogurt With Blueberry}",0.000871263,0.317825939,49.22296694,2801
"{Organic Bosc Pear,Organic Hass Avocado} => {Bag of Organic Bananas}",0.000620553,0.475452812,4.028253747,1995
"{Total 2% All Natural Greek Strained Yogurt with Honey,Total 2% with Strawberry Lowfat Greek Strained Yogurt} => {Banana}",0.000553987,0.308558559,2.099133214,1781
"{Organic Hass Avocado,Organic Milk} => {Bag of Organic Bananas}",0.000554921,0.412676382,3.496383111,1784
"{Organic Milk,Organic Strawberries} => {Bag of Organic Bananas}",0.000520705,0.372165407,3.153155594,1674
"{Organic Hass Avocado,Organic Hothouse Cucumbers} => {Bag of Organic Bananas}",0.00053999,0.361215148,3.060379989,1736
"{Bag of Organic Bananas,Organic Hothouse Cucumbers} => {Organic Hass Avocado}",0.00053999,0.317657823,4.781396895,1736
"{Pure Sparkling Water,Sparkling Lemon Water} => {Lime Sparkling Water}",0.000568918,0.465987261,32.18515727,1829
"{Lime Sparkling Water,Pure Sparkling Water} => {Sparkling Lemon Water}",0.000568918,0.456793207,44.7887216,1829
"{Pure Sparkling Water,Sparkling Lemon Water} => {Sparkling Water Grapefruit}",0.00071418,0.584968153,24.78189528,2296
"{Pure Sparkling Water,Sparkling Water Grapefruit} => {Sparkling Lemon Water}",0.00071418,0.366013072,35.88770003,2296
"{Lime Sparkling Water,Pure Sparkling Water} => {Sparkling Water Grapefruit}",0.000734399,0.58966034,24.98067753,2361
"{Pure Sparkling Water,Sparkling Water Grapefruit} => {Lime Sparkling Water}",0.000734399,0.37637494,25.99574635,2361
"{Red Raspberries,Strawberries} => {Banana}",0.000560831,0.399158734,2.715488948,1803
"{Cantaloupe,Organic Strawberries} => {Bag of Organic Bananas}",0.000573895,0.321204735,2.721393471,1845
"{Bag of Organic Bananas,Cantaloupe} => {Organic Strawberries}",0.000573895,0.348639456,4.234619986,1845
"{Organic Bell Pepper,Organic Hass Avocado} => {Bag of Organic Bananas}",0.000520394,0.368339938,3.120744475,1673
"{Bag of Organic Bananas,Organic Bell Pepper} => {Organic Hass Avocado}",0.000520394,0.308956602,4.650425814,1673
"{Limes,No Salt Added Black Beans} => {Banana}",0.000555543,0.366283839,2.491840046,1786
"{No Salt Added Black Beans,Organic Avocado} => {Banana}",0.000684941,0.397114518,2.701582084,2202
"{No Salt Added Black Beans,Organic Baby Spinach} => {Banana}",0.000712625,0.385365854,2.621655568,2291
"{Organic Large Brown Grade AA Cage Free Eggs,Organic Raspberries} => {Organic Strawberries}",0.000512928,0.350254885,4.254241202,1649
"{Organic Large Brown Grade AA Cage Free Eggs,Organic Raspberries} => {Bag of Organic Bananas}",0.000534702,0.365123195,3.09349075,1719
"{Organic Hass Avocado,Organic Large Brown Grade AA Cage Free Eggs} => {Bag of Organic Bananas}",0.00065508,0.360863605,3.05740156,2106
"{Organic Large Brown Grade AA Cage Free Eggs,Organic Strawberries} => {Bag of Organic Bananas}",0.000595669,0.329377365,2.790635728,1915
"{Green Beans,Organic Avocado} => {Banana}",0.00050764,0.388663968,2.644092737,1632
"{Organic Baby Spinach,Organic Extra Firm Tofu} => {Banana}",0.000570162,0.313226247,2.130887643,1833
"{Lime Sparkling Water,Sparkling Lemon Water} => {Sparkling Water Grapefruit}",0.001379214,0.518839223,21.98037488,4434
"{Sparkling Lemon Water,Sparkling Water Grapefruit} => {Lime Sparkling Water}",0.001379214,0.480702515,33.20152146,4434
"{Lime Sparkling Water,Sparkling Water Grapefruit} => {Sparkling Lemon Water}",0.001379214,0.333785005,32.7277276,4434
"{Organic Hass Avocado,Organic Roasted Turkey Breast} => {Organic Strawberries}",0.000534702,0.311751904,3.786579007,1719
"{Organic Hass Avocado,Organic Roasted Turkey Breast} => {Bag of Organic Bananas}",0.000658813,0.384113166,3.25438248,2118
"{Organic Roasted Turkey Breast,Organic Strawberries} => {Bag of Organic Bananas}",0.000635795,0.324547475,2.749714693,2044
"{Organic Avocado,Organic Reduced Fat Milk} => {Banana}",0.00058727,0.446335697,3.03643526,1888
"{Organic Baby Spinach,Organic Reduced Fat Milk} => {Banana}",0.000548389,0.366985845,2.496615813,1763
"{Organic Reduced Fat Milk,Organic Strawberries} => {Banana}",0.00073471,0.332676056,2.263205282,2362
"{Organic Raspberries,Organic Whole Strawberries} => {Frozen Organic Wild Blueberries}",0.000507329,0.315229996,33.88813638,1631
"{Frozen Organic Wild Blueberries,Organic Raspberries} => {Bag of Organic Bananas}",0.00057825,0.335377954,2.841475465,1859
"{Frozen Organic Wild Blueberries,Organic Hass Avocado} => {Bag of Organic Bananas}",0.000693651,0.406711654,3.445847207,2230
"{Frozen Organic Wild Blueberries,Organic Baby Spinach} => {Bag of Organic Bananas}",0.000675921,0.322451402,2.731955803,2173
"{Organic Baby Broccoli,Organic Hass Avocado} => {Bag of Organic Bananas}",0.000654147,0.358934972,3.041061296,2103
"{Organic Baby Broccoli,Organic Strawberries} => {Bag of Organic Bananas}",0.000506396,0.313922098,2.659691635,1628
"{Granny Smith Apples,Organic Fuji Apple} => {Banana}",0.000534702,0.530228254,3.607158864,1719
"{Granny Smith Apples,Large Lemon} => {Banana}",0.000501108,0.419094693,2.851113883,1611
"{Organic Hass Avocado,Organic Russet Potato} => {Bag of Organic Bananas}",0.000642327,0.387866266,3.286180456,2065
"{Organic Russet Potato,Organic Strawberries} => {Bag of Organic Bananas}",0.000574517,0.337413226,2.85871922,1847
"{Hass Avocados,Raspberries} => {Strawberries}",0.000507951,0.322472354,7.252191214,1633
"{Organic Raspberries,Organic Whole Strawberries} => {Bag of Organic Bananas}",0.000541856,0.336683417,2.852535944,1742
"{Organic Hass Avocado,Organic Whole Strawberries} => {Bag of Organic Bananas}",0.000641394,0.422800902,3.582162677,2062
"{Organic Baby Spinach,Organic Whole Strawberries} => {Bag of Organic Bananas}",0.000681209,0.311256396,2.637106585,2190
"{Organic Strawberries,Organic Whole Strawberries} => {Bag of Organic Bananas}",0.000512928,0.319945673,2.71072612,1649
"{100% Raw Coconut Water,Organic Raspberries} => {Bag of Organic Bananas}",0.000511684,0.392133492,3.322334349,1645
"{100% Raw Coconut Water,Organic Hass Avocado} => {Bag of Organic Bananas}",0.000790389,0.382335239,3.239319067,2541
"{100% Raw Coconut Water,Organic Strawberries} => {Bag of Organic Bananas}",0.000570784,0.346357116,2.934495946,1835
"{Feta Cheese Crumbles,Organic Avocado} => {Banana}",0.000539368,0.361099542,2.456571114,1734
"{Bartlett Pears,Honeycrisp Apple} => {Banana}",0.000528792,0.493612079,3.358057915,1700
"{Bartlett Pears,Organic Fuji Apple} => {Banana}",0.000714803,0.544291805,3.702833625,2298
"{Bartlett Pears,Strawberries} => {Banana}",0.000638594,0.473041475,3.218115471,2053
"{Bartlett Pears,Large Lemon} => {Banana}",0.000591936,0.492494824,3.350457196,1903
"{Bartlett Pears,Organic Avocado} => {Banana}",0.000689607,0.513551077,3.493703523,2217
"{Bartlett Pears,Organic Baby Spinach} => {Banana}",0.000522882,0.422893082,2.876954437,1681
"{Bartlett Pears,Organic Strawberries} => {Banana}",0.000506707,0.433590631,2.949730187,1629
"{Large Alfresco Eggs,Organic Hass Avocado} => {Bag of Organic Bananas}",0.000717913,0.380544106,3.224143763,2308
"{Large Alfresco Eggs,Organic Strawberries} => {Bag of Organic Bananas}",0.000588515,0.33749554,2.859416625,1892
"{Organic Carrot Bunch,Organic Raspberries} => {Bag of Organic Bananas}",0.000564252,0.446688008,3.784545164,1814
"{Organic Carrot Bunch,Organic Hass Avocado} => {Bag of Organic Bananas}",0.000815895,0.425742574,3.607085868,2623
"{Organic Carrot Bunch,Organic Strawberries} => {Bag of Organic Bananas}",0.000576072,0.363707777,3.081498684,1852
"{Organic Hass Avocado,Organic Sticks Low Moisture Part Skim Mozzarella String Cheese} => {Bag of Organic Bananas}",0.000520083,0.35059761,2.970423348,1672
"{Grape White/Green Seedless,Organic Avocado} => {Banana}",0.000577628,0.390782828,2.65850741,1857
"{Grape White/Green Seedless,Organic Baby Spinach} => {Banana}",0.000585404,0.341374932,2.322383996,1882
"{Organic Hass Avocado,Spring Water} => {Bag of Organic Bananas}",0.000570473,0.345972458,2.931236948,1834
"{Organic Grade A Free Range Large Brown Eggs,Organic Hass Avocado} => {Bag of Organic Bananas}",0.000795677,0.347790619,2.946641237,2558
"{Clementines, Bag,Strawberries} => {Banana}",0.000554921,0.452332657,3.077232759,1784
"{Clementines, Bag,Organic Strawberries} => {Banana}",0.000597535,0.316266052,2.151567526,1921
"{Cucumber Kirby,Roma Tomato} => {Banana}",0.000526615,0.371027833,2.524113576,1693
"{Large Lemon,Roma Tomato} => {Banana}",0.000503597,0.349751566,2.379370492,1619
"{Organic Avocado,Roma Tomato} => {Banana}",0.000591625,0.344315713,2.34239022,1902
"{Organic Broccoli,Organic Hass Avocado} => {Bag of Organic Bananas}",0.000829893,0.379408419,3.214521704,2668
"{Organic Bartlett Pear,Organic Raspberries} => {Organic Strawberries}",0.000517283,0.358791802,4.357931692,1663
"{Organic Bartlett Pear,Organic Raspberries} => {Bag of Organic Bananas}",0.00059007,0.409277238,3.46758401,1897
"{Organic Bartlett Pear,Organic Hass Avocado} => {Organic Strawberries}",0.000703294,0.314902507,3.824846636,2261
"{Organic Bartlett Pear,Organic Hass Avocado} => {Bag of Organic Bananas}",0.000865042,0.387325905,3.281602273,2781
"{Organic Baby Spinach,Organic Bartlett Pear} => {Bag of Organic Bananas}",0.000612777,0.320325203,2.713941672,1970
"{Organic Bartlett Pear,Organic Strawberries} => {Bag of Organic Bananas}",0.000936895,0.320835109,2.718261824,3012
"{Organic Black Beans,Organic Hass Avocado} => {Bag of Organic Bananas}",0.000716358,0.354416744,3.002780799,2303
"{Organic Black Beans,Organic Strawberries} => {Bag of Organic Bananas}",0.000555232,0.302491103,2.562843017,1785
"{Large Lemon,Orange Bell Pepper} => {Banana}",0.000515417,0.329554495,2.241969204,1657
"{Orange Bell Pepper,Organic Avocado} => {Banana}",0.000554299,0.346490375,2.357184512,1782
"{Orange Bell Pepper,Organic Baby Spinach} => {Banana}",0.000515106,0.30740672,2.091297221,1656
"{Broccoli Crown,Cucumber Kirby} => {Banana}",0.000646993,0.465532677,3.167032892,2080
"{Broccoli Crown,Strawberries} => {Banana}",0.00053408,0.469896004,3.196716742,1717
"{Broccoli Crown,Limes} => {Large Lemon}",0.000500797,0.373636575,7.868584534,1610
"{Broccoli Crown,Large Lemon} => {Organic Avocado}",0.000635795,0.300544038,5.464531926,2044
"{Broccoli Crown,Large Lemon} => {Banana}",0.000818384,0.386854874,2.63178542,2631
"{Broccoli Crown,Organic Avocado} => {Banana}",0.001105487,0.444750344,3.025650054,3554
"{Broccoli Crown,Organic Baby Spinach} => {Banana}",0.000889304,0.394399227,2.683109883,2859
"{Broccoli Crown,Organic Strawberries} => {Banana}",0.00062553,0.387475915,2.636010381,2011
"{Cucumber Kirby,Red Onion} => {Banana}",0.000525059,0.351959967,2.394394307,1688
"{Large Lemon,Red Onion} => {Banana}",0.000637972,0.329901882,2.244332489,2051
"{Organic Avocado,Red Onion} => {Banana}",0.000661923,0.332812011,2.264130187,2128
"{Organic Large Extra Fancy Fuji Apple,Organic Navel Orange} => {Bag of Organic Bananas}",0.000604378,0.467854563,3.963877903,1943
"{Apple Honeycrisp Organic,Organic Navel Orange} => {Bag of Organic Bananas}",0.000556476,0.445912263,3.777972701,1789
"{Organic Lemon,Organic Navel Orange} => {Bag of Organic Bananas}",0.000571095,0.414073072,3.508216504,1836
"{Organic Navel Orange,Organic Raspberries} => {Organic Hass Avocado}",0.000517283,0.318216609,4.789807773,1663
"{Organic Navel Orange,Organic Raspberries} => {Bag of Organic Bananas}",0.00080252,0.493685419,4.182728733,2580
"{Organic Hass Avocado,Organic Navel Orange} => {Bag of Organic Bananas}",0.001175474,0.463567223,3.927553595,3779
"{Organic Baby Spinach,Organic Navel Orange} => {Bag of Organic Bananas}",0.000722268,0.389924433,3.303618191,2322
"{Organic Navel Orange,Organic Strawberries} => {Bag of Organic Bananas}",0.000958669,0.434206819,3.678798821,3082
"{Organic Raspberries,Organic Reduced Fat 2% Milk} => {Organic Strawberries}",0.000577939,0.333273543,4.047983614,1858
"{Organic Raspberries,Organic Reduced Fat 2% Milk} => {Bag of Organic Bananas}",0.00059318,0.34206278,2.89811237,1907
"{Organic Hass Avocado,Organic Reduced Fat 2% Milk} => {Bag of Organic Bananas}",0.000704227,0.351334575,2.976667255,2264
"{Organic Reduced Fat 2% Milk,Organic Strawberries} => {Bag of Organic Bananas}",0.000753995,0.314356115,2.663368823,2424
"{Bunched Cilantro,Jalapeno Peppers} => {Limes}",0.000757728,0.423063564,9.671656591,2436
"{Jalapeno Peppers,Organic Cilantro} => {Limes}",0.000771725,0.424828767,9.712010907,2481
"{Jalapeno Peppers,Organic Garlic} => {Limes}",0.0006078,0.372190476,8.508646881,1954
"{Jalapeno Peppers,Large Lemon} => {Limes}",0.000800653,0.409416256,9.359665469,2574
"{Jalapeno Peppers,Organic Avocado} => {Limes}",0.000800031,0.390762686,8.933226192,2572
"{Jalapeno Peppers,Organic Hass Avocado} => {Limes}",0.000540301,0.34213118,7.821461274,1737
"{Jalapeno Peppers,Organic Baby Spinach} => {Limes}",0.000572029,0.31248938,7.143820051,1839
"{Organic Hass Avocado,Organic Lacinato (Dinosaur) Kale} => {Bag of Organic Bananas}",0.000856954,0.362643149,3.072478666,2755
"{Organic Lacinato (Dinosaur) Kale,Organic Strawberries} => {Bag of Organic Bananas}",0.000566119,0.30419522,2.577281073,1820
"{Organic Hass Avocado,Uncured Genoa Salami} => {Bag of Organic Bananas}",0.000598779,0.346909353,2.939174751,1925
"{Organic Raspberries,Unsweetened Almondmilk} => {Bag of Organic Bananas}",0.000524126,0.354438368,3.002964008,1685
"{Organic Hass Avocado,Unsweetened Almondmilk} => {Bag of Organic Bananas}",0.000826782,0.369371873,3.129487499,2658
"{Organic Strawberries,Unsweetened Almondmilk} => {Bag of Organic Bananas}",0.000578561,0.302783656,2.56532166,1860
"{Boneless Skinless Chicken Breasts,Cucumber Kirby} => {Banana}",0.000690229,0.420982736,2.863958295,2219
"{Boneless Skinless Chicken Breasts,Strawberries} => {Banana}",0.00050173,0.421699346,2.868833419,1613
"{Boneless Skinless Chicken Breasts,Limes} => {Banana}",0.000618687,0.356132498,2.422780163,1989
"{Boneless Skinless Chicken Breasts,Large Lemon} => {Banana}",0.000632684,0.353554667,2.405243103,2034
"{Boneless Skinless Chicken Breasts,Organic Avocado} => {Banana}",0.000925386,0.382981462,2.605434482,2975
"{Boneless Skinless Chicken Breasts,Organic Baby Spinach} => {Banana}",0.000930985,0.35432698,2.410497171,2993
"{Boneless Skinless Chicken Breasts,Organic Strawberries} => {Banana}",0.000713247,0.374795685,2.54974639,2293
"{Bunched Cilantro,Organic Garlic} => {Limes}",0.000586648,0.400254669,9.150222422,1886
"{Bunched Cilantro,Large Lemon} => {Limes}",0.000820872,0.397799216,9.094088313,2639
"{Bunched Cilantro,Organic Avocado} => {Limes}",0.000933163,0.399840064,9.140744138,3000
"{Bunched Cilantro,Organic Baby Spinach} => {Limes}",0.000577939,0.333094299,7.614869133,1858
"{Bunched Cilantro,Large Lemon} => {Banana}",0.000664412,0.321977691,2.190423976,2136
"{Bunched Cilantro,Organic Avocado} => {Banana}",0.000788833,0.337998134,2.299411538,2536
"{Bunched Cilantro,Organic Baby Spinach} => {Banana}",0.000548389,0.316063105,2.150186871,1763
"{Limes,Small Hass Avocado} => {Banana}",0.000502975,0.30094919,2.047366452,1617
"{Organic Baby Spinach,Small Hass Avocado} => {Banana}",0.00066099,0.338861426,2.305284536,2125
"{Organic Strawberries,Small Hass Avocado} => {Banana}",0.00057545,0.329005869,2.238236884,1850
"{Grated Parmesan,Organic Avocado} => {Banana}",0.000528792,0.342258909,2.328397717,1700
"{Grated Parmesan,Organic Hass Avocado} => {Bag of Organic Bananas}",0.000621486,0.333166583,2.822739719,1998
"{Blueberries,Strawberries} => {Banana}",0.00093534,0.334036881,2.272463011,3007
"{Blueberries,Organic Avocado} => {Banana}",0.000596291,0.425905354,2.897447018,1917
"{Blueberries,Organic Baby Spinach} => {Banana}",0.000624597,0.360826595,2.454714247,2008
"{Blueberries,Organic Strawberries} => {Banana}",0.000607178,0.323768452,2.202606583,1952
"{Organic Ginger Root,Organic Yellow Onion} => {Organic Garlic}",0.000791633,0.375147406,10.98627813,2545
"{Organic Ginger Root,Organic Hass Avocado} => {Bag of Organic Bananas}",0.00087033,0.337841101,2.862344373,2798
"{Organic Ginger Root,Organic Strawberries} => {Bag of Organic Bananas}",0.000679031,0.304760575,2.582071022,2183
"{Organic Raspberries,Organic Unsweetened Almond Milk} => {Bag of Organic Bananas}",0.000552432,0.376750106,3.191999263,1776
"{Organic Avocado,Organic Unsweetened Almond Milk} => {Banana}",0.000560831,0.35077821,2.386354782,1803
"{Organic Hass Avocado,Organic Unsweetened Almond Milk} => {Bag of Organic Bananas}",0.00110953,0.396289301,3.357544264,3567
"{Organic Strawberries,Organic Unsweetened Almond Milk} => {Bag of Organic Bananas}",0.000879972,0.327734013,2.776712498,2829
"{Organic D'Anjou Pears,Organic Kiwi} => {Bag of Organic Bananas}",0.00051946,0.397146254,3.364804764,1670
"{Organic D'Anjou Pears,Organic Gala Apples} => {Bag of Organic Bananas}",0.000571718,0.3781115,3.203533613,1838
"{Organic D'Anjou Pears,Organic Large Extra Fancy Fuji Apple} => {Bag of Organic Bananas}",0.000651659,0.425380711,3.604019994,2095
"{Apple Honeycrisp Organic,Organic D'Anjou Pears} => {Bag of Organic Bananas}",0.000698317,0.3988275,3.379049049,2245
"{Organic Cucumber,Organic D'Anjou Pears} => {Bag of Organic Bananas}",0.000509196,0.410893574,3.481278347,1637
"{Organic D'Anjou Pears,Organic Zucchini} => {Bag of Organic Bananas}",0.000538124,0.397335783,3.366410538,1730
"{Organic D'Anjou Pears,Organic Whole Milk} => {Bag of Organic Bananas}",0.000516039,0.327541955,2.775085291,1659
"{Organic D'Anjou Pears,Organic Raspberries} => {Organic Strawberries}",0.000711692,0.334160946,4.058762136,2288
"{Organic D'Anjou Pears,Organic Raspberries} => {Bag of Organic Bananas}",0.00091761,0.430845626,3.650321256,2950
"{Organic Avocado,Organic D'Anjou Pears} => {Banana}",0.000507951,0.344732953,2.345228717,1633
"{Organic D'Anjou Pears,Organic Hass Avocado} => {Bag of Organic Bananas}",0.001293674,0.447685684,3.792997929,4159
"{Organic Baby Spinach,Organic D'Anjou Pears} => {Bag of Organic Bananas}",0.000874062,0.348765049,2.954897057,2810
"{Organic D'Anjou Pears,Organic Strawberries} => {Bag of Organic Bananas}",0.001228353,0.377894737,3.201697099,3949
"{Cucumber Kirby,Red Vine Tomato} => {Banana}",0.00084389,0.404442457,2.751434276,2713
"{Red Vine Tomato,Strawberries} => {Banana}",0.000584471,0.431557189,2.935896619,1879
"{Limes,Red Vine Tomato} => {Banana}",0.000630818,0.307505686,2.091970491,2028
"{Large Lemon,Red Vine Tomato} => {Banana}",0.000751507,0.345884037,2.353059575,2416
"{Organic Avocado,Red Vine Tomato} => {Banana}",0.000927564,0.360667634,2.453632834,2982
"{Organic Baby Spinach,Red Vine Tomato} => {Banana}",0.000875929,0.371945582,2.530357052,2816
"{Organic Strawberries,Red Vine Tomato} => {Banana}",0.000678098,0.353723836,2.406393962,2180
"{Organic Kiwi,Organic Zucchini} => {Bag of Organic Bananas}",0.000572962,0.394179328,3.339667606,1842
"{Organic Kiwi,Organic Raspberries} => {Organic Strawberries}",0.000774836,0.340719464,4.138422738,2491
"{Organic Kiwi,Organic Raspberries} => {Bag of Organic Bananas}",0.000944983,0.41553823,3.520629996,3038
"{Organic Avocado,Organic Kiwi} => {Banana}",0.000624908,0.348421783,2.370323936,2009
"{Organic Hass Avocado,Organic Kiwi} => {Organic Strawberries}",0.000944672,0.321171743,3.900993587,3037
"{Organic Hass Avocado,Organic Kiwi} => {Bag of Organic Bananas}",0.001280299,0.435279188,3.687884421,4116
"{Organic Baby Spinach,Organic Kiwi} => {Bag of Organic Bananas}",0.000790078,0.31517558,2.670311709,2540
"{Organic Kiwi,Organic Strawberries} => {Bag of Organic Bananas}",0.001282165,0.330129745,2.797010238,4122
"{Organic Cucumber,Organic Garnet Sweet Potato (Yam)} => {Bag of Organic Bananas}",0.000501108,0.381392045,3.231327898,1611
"{Organic Garnet Sweet Potato (Yam),Organic Raspberries} => {Bag of Organic Bananas}",0.000524748,0.412570311,3.495484424,1687
"{Large Lemon,Organic Garnet Sweet Potato (Yam)} => {Banana}",0.00063735,0.317035432,2.156801644,2049
"{Organic Avocado,Organic Garnet Sweet Potato (Yam)} => {Banana}",0.000774525,0.350260234,2.382830971,2490
"{Organic Garnet Sweet Potato (Yam),Organic Hass Avocado} => {Bag of Organic Bananas}",0.001226798,0.38321026,3.246732646,3944
"{Bag of Organic Bananas,Organic Garnet Sweet Potato (Yam)} => {Organic Hass Avocado}",0.001226798,0.31052673,4.674059439,3944
"{Organic Garnet Sweet Potato (Yam),Organic Strawberries} => {Bag of Organic Bananas}",0.000819317,0.328019925,2.779134877,2634
"{Organic Fuji Apple,Red Peppers} => {Banana}",0.000513862,0.447090663,3.041571315,1652
"{Cucumber Kirby,Red Peppers} => {Banana}",0.000698317,0.378009766,2.571611881,2245
"{Red Peppers,Strawberries} => {Banana}",0.000531281,0.417603912,2.840972054,1708
"{Limes,Red Peppers} => {Banana}",0.000639838,0.310396861,2.111639244,2057
"{Large Lemon,Red Peppers} => {Banana}",0.000557409,0.324814211,2.209720907,1792
"{Organic Avocado,Red Peppers} => {Banana}",0.000760839,0.380167858,2.586293448,2446
"{Organic Baby Spinach,Red Peppers} => {Banana}",0.000841713,0.322334723,2.192852878,2706
"{Organic Strawberries,Red Peppers} => {Banana}",0.000632684,0.318459371,2.166488738,2034
"{Organic Peeled Whole Baby Carrots,Original Hummus} => {Banana}",0.000529414,0.343006852,2.333485998,1702
"{Cucumber Kirby,Organic Peeled Whole Baby Carrots} => {Banana}",0.000555543,0.447282745,3.042878053,1786
"{Organic Peeled Whole Baby Carrots,Organic Raspberries} => {Bag of Organic Bananas}",0.000546833,0.35928878,3.044058919,1758
"{Organic Avocado,Organic Peeled Whole Baby Carrots} => {Banana}",0.000835803,0.403938665,2.748006966,2687
"{Organic Hass Avocado,Organic Peeled Whole Baby Carrots} => {Bag of Organic Bananas}",0.00069334,0.325639153,2.758963883,2229
"{Organic Baby Spinach,Organic Peeled Whole Baby Carrots} => {Banana}",0.000862864,0.31779127,2.161943633,2774
"{Green Bell Pepper,Organic Avocado} => {Banana}",0.000580116,0.30330135,2.063368264,1865
"{Green Bell Pepper,Organic Hass Avocado} => {Bag of Organic Bananas}",0.00077888,0.322888459,2.735658748,2504
"{Organic Cucumber,Organic Granny Smith Apple} => {Bag of Organic Bananas}",0.000538435,0.332692677,2.81872457,1731
"{Organic Granny Smith Apple,Organic Raspberries} => {Bag of Organic Bananas}",0.000765193,0.380275158,3.22186512,2460
"{Organic Avocado,Organic Granny Smith Apple} => {Banana}",0.000540923,0.30806023,2.095743072,1739
"{Organic Granny Smith Apple,Organic Hass Avocado} => {Bag of Organic Bananas}",0.001098021,0.382531426,3.240981252,3530
"{Organic Granny Smith Apple,Organic Strawberries} => {Bag of Organic Bananas}",0.000959291,0.32028248,2.713579701,3084
"{Organic Blackberries,Strawberries} => {Banana}",0.000812785,0.340855727,2.318851826,2613
"{Organic Avocado,Organic Blackberries} => {Banana}",0.000656324,0.366001735,2.48992088,2110
"{Organic Blackberries,Organic Hass Avocado} => {Organic Strawberries}",0.00065197,0.315472607,3.831771143,2096
"{Organic Blackberries,Organic Hass Avocado} => {Bag of Organic Bananas}",0.000686186,0.332028898,2.813100731,2206
"{100% Whole Wheat Bread,Strawberries} => {Banana}",0.000656013,0.446254761,3.035884647,2109
"{100% Whole Wheat Bread,Organic Raspberries} => {Bag of Organic Bananas}",0.000554299,0.391132572,3.313854098,1782
"{100% Whole Wheat Bread,Organic Avocado} => {Banana}",0.000524437,0.357582185,2.432642426,1686
"{100% Whole Wheat Bread,Organic Hass Avocado} => {Organic Strawberries}",0.000569851,0.304825291,3.702447468,1832
"{100% Whole Wheat Bread,Organic Hass Avocado} => {Bag of Organic Bananas}",0.000701427,0.375207987,3.178933722,2255
"{100% Whole Wheat Bread,Organic Strawberries} => {Bag of Organic Bananas}",0.000798787,0.300737791,2.547988157,2568
"{Half & Half,Organic Fuji Apple} => {Banana}",0.000530969,0.457150509,3.11000875,1707
"{Half & Half,Organic Avocado} => {Banana}",0.000603134,0.383580613,2.609510523,1939
"{Organic Cucumber,Organic Red Bell Pepper} => {Bag of Organic Bananas}",0.000628641,0.330660995,2.801511226,2021
"{Organic Lemon,Organic Red Bell Pepper} => {Organic Hass Avocado}",0.000518527,0.331082423,4.983464462,1667
"{Organic Lemon,Organic Red Bell Pepper} => {Bag of Organic Bananas}",0.000515728,0.329294935,2.789937347,1658
"{Organic Raspberries,Organic Red Bell Pepper} => {Organic Strawberries}",0.000632373,0.330569106,4.015135173,2033
"{Organic Raspberries,Organic Red Bell Pepper} => {Bag of Organic Bananas}",0.000707959,0.370081301,3.135498094,2276
"{Organic Avocado,Organic Red Bell Pepper} => {Banana}",0.000638283,0.318238213,2.164984199,2052
"{Organic Hass Avocado,Organic Red Bell Pepper} => {Bag of Organic Bananas}",0.001271278,0.364520157,3.088381539,4087
"{Bag of Organic Bananas,Organic Red Bell Pepper} => {Organic Hass Avocado}",0.001271278,0.31494182,4.740515531,4087
"{Organic Italian Parsley Bunch,Organic Yellow Onion} => {Organic Garlic}",0.000933474,0.325311653,9.526826646,3001
"{Organic Hass Avocado,Organic Italian Parsley Bunch} => {Bag of Organic Bananas}",0.000937206,0.336760925,2.85319263,3013
"{Organic Raspberries,Organic Whole String Cheese} => {Organic Strawberries}",0.000721335,0.34254062,4.160542741,2319
"{Organic Raspberries,Organic Whole String Cheese} => {Bag of Organic Bananas}",0.000795677,0.377843427,3.201262378,2558
"{Organic Avocado,Organic Whole String Cheese} => {Banana}",0.000695206,0.393416652,2.676425393,2235
"{Organic Hass Avocado,Organic Whole String Cheese} => {Organic Strawberries}",0.000997862,0.316402012,3.843059819,3208
"{Organic Hass Avocado,Organic Whole String Cheese} => {Bag of Organic Bananas}",0.001237996,0.392543643,3.325809337,3980
"{Organic Strawberries,Organic Whole String Cheese} => {Bag of Organic Bananas}",0.001265368,0.30104344,2.550577749,4068
"{Organic Cucumber,Organic Tomato Cluster} => {Bag of Organic Bananas}",0.000623042,0.324425008,2.748677094,2003
"{Organic Lemon,Organic Tomato Cluster} => {Organic Hass Avocado}",0.00058727,0.363076923,5.46504682,1888
"{Organic Lemon,Organic Tomato Cluster} => {Bag of Organic Bananas}",0.000547144,0.338269231,2.865971683,1759
"{Organic Tomato Cluster,Organic Zucchini} => {Bag of Organic Bananas}",0.000563941,0.308911228,2.617237256,1813
"{Organic Tomato Cluster,Organic Yellow Onion} => {Bag of Organic Bananas}",0.000678098,0.30992323,2.625811396,2180
"{Organic Raspberries,Organic Tomato Cluster} => {Organic Hass Avocado}",0.000623975,0.346579129,5.216721438,2006
"{Organic Raspberries,Organic Tomato Cluster} => {Organic Strawberries}",0.000599712,0.333102972,4.045911838,1928
"{Organic Raspberries,Organic Tomato Cluster} => {Bag of Organic Bananas}",0.000728178,0.404457498,3.426748966,2341
"{Organic Avocado,Organic Tomato Cluster} => {Banana}",0.000582916,0.302111881,2.055276274,1874
"{Organic Hass Avocado,Organic Tomato Cluster} => {Bag of Organic Bananas}",0.001451068,0.357170201,3.026109353,4665
"{Bag of Organic Bananas,Organic Tomato Cluster} => {Organic Hass Avocado}",0.001451068,0.309760956,4.662532981,4665
"{Organic Strawberries,Organic Tomato Cluster} => {Bag of Organic Bananas}",0.001152145,0.317123288,2.686813578,3704
"{Organic Half & Half,Organic Raspberries} => {Bag of Organic Bananas}",0.000507329,0.356346952,3.019134409,1631
"{Organic Half & Half,Organic Hass Avocado} => {Bag of Organic Bananas}",0.000725378,0.335829493,2.845301109,2332
"{Cucumber Kirby,Michigan Organic Kale} => {Banana}",0.000632684,0.359363958,2.444763882,2034
"{Large Lemon,Michigan Organic Kale} => {Banana}",0.000859443,0.312591922,2.126572309,2763
"{Michigan Organic Kale,Organic Avocado} => {Banana}",0.001028034,0.339183087,2.307472808,3305
"{Michigan Organic Kale,Organic Hass Avocado} => {Bag of Organic Bananas}",0.000986353,0.306258451,2.59476171,3171
"{Asparagus,Cucumber Kirby} => {Banana}",0.000554299,0.361753959,2.461023131,1782
"{Asparagus,Organic Raspberries} => {Bag of Organic Bananas}",0.00060189,0.344428622,2.918156866,1935
"{Asparagus,Organic Avocado} => {Banana}",0.000951515,0.337936368,2.298991339,3059
"{Asparagus,Organic Hass Avocado} => {Bag of Organic Bananas}",0.00080252,0.304928495,2.58349372,2580
"{Organic Fuji Apple,Sparkling Water Grapefruit} => {Banana}",0.000510751,0.449247606,3.056245063,1642
"{Large Lemon,Sparkling Water Grapefruit} => {Banana}",0.000551499,0.320383086,2.179575835,1773
"{Organic Avocado,Sparkling Water Grapefruit} => {Banana}",0.000633306,0.329183508,2.239445373,2036
"{Organic Cilantro,Organic Red Onion} => {Limes}",0.000923209,0.349258649,7.984402357,2968
"{Organic Cucumber,Organic Red Onion} => {Bag of Organic Bananas}",0.000536257,0.316098276,2.678129215,1724
"{Organic Lemon,Organic Red Onion} => {Organic Hass Avocado}",0.000529414,0.304200179,4.57883196,1702
"{Organic Lemon,Organic Red Onion} => {Bag of Organic Bananas}",0.00052226,0.300089366,2.542494397,1679
"{Organic Raspberries,Organic Red Onion} => {Bag of Organic Bananas}",0.000584471,0.366419657,3.104474971,1879
"{Organic Hass Avocado,Organic Red Onion} => {Bag of Organic Bananas}",0.001137214,0.330769927,2.802434148,3656
"{Organic Red Onion,Organic Strawberries} => {Bag of Organic Bananas}",0.000874062,0.303685291,2.572960725,2810
"{Organic Cucumber,Organic Gala Apples} => {Bag of Organic Bananas}",0.000575139,0.367960199,3.117527149,1849
"{Organic Gala Apples,Organic Lemon} => {Organic Hass Avocado}",0.000521016,0.346145898,5.210200424,1675
"{Organic Gala Apples,Organic Lemon} => {Bag of Organic Bananas}",0.000568918,0.377970655,3.202340313,1829
"{Organic Gala Apples,Organic Zucchini} => {Bag of Organic Bananas}",0.00052817,0.332549941,2.817515245,1698
"{Organic Gala Apples,Organic Yellow Onion} => {Bag of Organic Bananas}",0.000577628,0.345552661,2.927680235,1857
"{Organic Gala Apples,Organic Raspberries} => {Organic Strawberries}",0.000756173,0.327319241,3.975661891,2431
"{Organic Gala Apples,Organic Raspberries} => {Bag of Organic Bananas}",0.000918543,0.397603339,3.368677395,2953
"{Large Lemon,Organic Gala Apples} => {Banana}",0.000593802,0.328401858,2.23412778,1909
"{Organic Avocado,Organic Gala Apples} => {Banana}",0.000792255,0.354636591,2.412603467,2547
"{Organic Gala Apples,Organic Hass Avocado} => {Bag of Organic Bananas}",0.001458533,0.399233716,3.382490697,4689
"{Organic Baby Spinach,Organic Gala Apples} => {Bag of Organic Bananas}",0.001048875,0.31561213,2.674010362,3372
"{Organic Gala Apples,Organic Strawberries} => {Bag of Organic Bananas}",0.001365217,0.330049632,2.796331477,4389
"{Cucumber Kirby,Organic Baby Arugula} => {Banana}",0.000565497,0.354040896,2.408550931,1818
"{Organic Baby Arugula,Organic Raspberries} => {Bag of Organic Bananas}",0.000538124,0.32300224,2.736622756,1730
"{Organic Avocado,Organic Baby Arugula} => {Banana}",0.001013103,0.328492184,2.234742269,3257
"{Honeycrisp Apple,Original Hummus} => {Banana}",0.000504841,0.401832137,2.73367619,1623
"{Organic Fuji Apple,Original Hummus} => {Banana}",0.000512928,0.427312775,2.907021746,1649
"{Cucumber Kirby,Original Hummus} => {Banana}",0.000595358,0.379310345,2.580459758,1914
"{Organic Whole Milk,Original Hummus} => {Banana}",0.000582293,0.310963455,2.115493799,1872
"{Organic Raspberries,Original Hummus} => {Organic Strawberries}",0.000695517,0.317298141,3.853944318,2236
"{Organic Raspberries,Original Hummus} => {Bag of Organic Bananas}",0.000709515,0.323683837,2.742397555,2281
"{Limes,Original Hummus} => {Banana}",0.000595358,0.319425901,2.173064075,1914
"{Large Lemon,Original Hummus} => {Banana}",0.000574517,0.340398083,2.315738465,1847
"{Organic Avocado,Original Hummus} => {Banana}",0.000992263,0.392036377,2.66703534,3190
"{Organic Hass Avocado,Original Hummus} => {Bag of Organic Bananas}",0.001046697,0.32688945,2.769556975,3365
"{Organic Baby Spinach,Original Hummus} => {Banana}",0.001097399,0.32169235,2.188482793,3528
"{Organic Cilantro,Organic Cucumber} => {Bag of Organic Bananas}",0.000538124,0.324516976,2.74945629,1730
"{Organic Cilantro,Organic Lemon} => {Limes}",0.000524748,0.311945266,7.131381072,1687
"{Organic Cilantro,Organic Lemon} => {Organic Hass Avocado}",0.000543412,0.323039941,4.862408733,1747
"{Organic Cilantro,Organic Lemon} => {Bag of Organic Bananas}",0.000521327,0.309911243,2.625709833,1676
"{Organic Cilantro,Organic Garlic} => {Limes}",0.000998173,0.328824675,7.517261245,3209
"{Organic Cilantro,Organic Yellow Onion} => {Limes}",0.000798787,0.302473498,6.914846972,2568
"{Organic Cilantro,Organic Raspberries} => {Bag of Organic Bananas}",0.00065788,0.384265988,3.255677257,2115
"{Large Lemon,Organic Cilantro} => {Limes}",0.00100626,0.407276848,9.310756455,3235
"{Organic Avocado,Organic Cilantro} => {Limes}",0.001082469,0.360136604,8.233083285,3480
"{Banana,Organic Cilantro} => {Limes}",0.001068471,0.310972298,7.109138035,3435
"{Organic Cilantro,Organic Hass Avocado} => {Bag of Organic Bananas}",0.001262258,0.338505172,2.867970683,4058
"{Carrots,Cucumber Kirby} => {Banana}",0.000550877,0.336308393,2.287916181,1771
"{Carrots,Organic Raspberries} => {Bag of Organic Bananas}",0.000514173,0.332528666,2.817334994,1653
"{Carrots,Organic Avocado} => {Banana}",0.000744975,0.321260899,2.185547619,2395
"{Carrots,Organic Hass Avocado} => {Bag of Organic Bananas}",0.000944672,0.316948445,2.685332231,3037
"{Organic Large Extra Fancy Fuji Apple,Organic Small Bunch Celery} => {Bag of Organic Bananas}",0.000525993,0.384842968,3.26056569,1691
"{Organic Cucumber,Organic Small Bunch Celery} => {Bag of Organic Bananas}",0.000831759,0.311618692,2.640176129,2674
"{Organic Lemon,Organic Small Bunch Celery} => {Organic Hass Avocado}",0.000646682,0.319944598,4.815817527,2079
"{Organic Lemon,Organic Small Bunch Celery} => {Bag of Organic Bananas}",0.000637661,0.315481687,2.672905184,2050
"{Organic Garlic,Organic Small Bunch Celery} => {Organic Yellow Onion}",0.000943116,0.331982919,9.409511532,3032
"{Organic Raspberries,Organic Small Bunch Celery} => {Bag of Organic Bananas}",0.000787589,0.402928071,3.413790961,2532
"{Organic Hass Avocado,Organic Small Bunch Celery} => {Bag of Organic Bananas}",0.001374237,0.375776133,3.183747321,4418
"{Organic Small Bunch Celery,Organic Strawberries} => {Bag of Organic Bananas}",0.001062872,0.318126804,2.695315826,3417
"{Honeycrisp Apple,Yellow Onions} => {Banana}",0.000559898,0.458481915,3.119066349,1800
"{Cucumber Kirby,Yellow Onions} => {Banana}",0.000665034,0.417089348,2.837471463,2138
"{Organic Zucchini,Yellow Onions} => {Banana}",0.000567052,0.30633507,2.084006752,1823
"{Organic Whole Milk,Yellow Onions} => {Banana}",0.000526304,0.373427499,2.540438583,1692
"{Strawberries,Yellow Onions} => {Banana}",0.0007288,0.466733068,3.175199188,2343
"{Limes,Yellow Onions} => {Banana}",0.00099133,0.332915491,2.264834166,3187
"{Large Lemon,Yellow Onions} => {Banana}",0.001128816,0.337361718,2.295081979,3629
"{Organic Avocado,Yellow Onions} => {Banana}",0.001121661,0.378662186,2.576050316,3606
"{Organic Baby Spinach,Yellow Onions} => {Banana}",0.001115129,0.354144028,2.409252546,3585
"{Organic Strawberries,Yellow Onions} => {Banana}",0.000795677,0.372343523,2.533064255,2558
"{Organic Cucumber,Organic Large Extra Fancy Fuji Apple} => {Organic Hass Avocado}",0.000579805,0.302744843,4.556926199,1864
"{Organic Cucumber,Organic Large Extra Fancy Fuji Apple} => {Organic Strawberries}",0.000577939,0.301770343,3.665341668,1858
"{Organic Cucumber,Organic Large Extra Fancy Fuji Apple} => {Bag of Organic Bananas}",0.000797854,0.416598993,3.529617265,2565
"{Organic Large Extra Fancy Fuji Apple,Organic Lemon} => {Organic Hass Avocado}",0.000556165,0.331602374,4.991290781,1788
"{Organic Large Extra Fancy Fuji Apple,Organic Lemon} => {Bag of Organic Bananas}",0.000700805,0.417841246,3.540142203,2253
"{Organic Blueberries,Organic Large Extra Fancy Fuji Apple} => {Bag of Organic Bananas}",0.000523193,0.360711988,3.05611699,1682
"{Organic Large Extra Fancy Fuji Apple,Organic Zucchini} => {Bag of Organic Bananas}",0.000694584,0.404969169,3.431084078,2233
"{Organic Garlic,Organic Large Extra Fancy Fuji Apple} => {Bag of Organic Bananas}",0.000558031,0.372508306,3.15606079,1794
"{Organic Large Extra Fancy Fuji Apple,Organic Yellow Onion} => {Bag of Organic Bananas}",0.00076706,0.399093704,3.381304451,2466
"{Organic Large Extra Fancy Fuji Apple,Organic Whole Milk} => {Bag of Organic Bananas}",0.00061962,0.339989759,2.880548788,1992
"{Organic Large Extra Fancy Fuji Apple,Organic Raspberries} => {Organic Strawberries}",0.000822427,0.311022233,3.777716322,2644
"{Organic Large Extra Fancy Fuji Apple,Organic Raspberries} => {Bag of Organic Bananas}",0.001190715,0.450299965,3.815147315,3828
"{Organic Avocado,Organic Large Extra Fancy Fuji Apple} => {Banana}",0.000565808,0.302008966,2.054576135,1819
"{Organic Hass Avocado,Organic Large Extra Fancy Fuji Apple} => {Bag of Organic Bananas}",0.001805358,0.434658878,3.682628874,5804
"{Organic Baby Spinach,Organic Large Extra Fancy Fuji Apple} => {Bag of Organic Bananas}",0.001266613,0.36618705,3.102504223,4072
"{Organic Large Extra Fancy Fuji Apple,Organic Strawberries} => {Bag of Organic Bananas}",0.001713597,0.364520611,3.088385389,5509
"{Fresh Cauliflower,Organic Cucumber} => {Bag of Organic Bananas}",0.000531281,0.337549407,2.859873007,1708
"{Fresh Cauliflower,Organic Raspberries} => {Bag of Organic Bananas}",0.000728489,0.357284516,3.027077876,2342
"{Fresh Cauliflower,Organic Avocado} => {Banana}",0.000785412,0.324258379,2.20593957,2525
"{Fresh Cauliflower,Organic Hass Avocado} => {Bag of Organic Bananas}",0.001160543,0.350690854,2.971213361,3731
"{Honeycrisp Apple,Organic Baby Carrots} => {Banana}",0.000558653,0.375575073,2.555048592,1796
"{Organic Baby Carrots,Seedless Red Grapes} => {Banana}",0.000508263,0.325238854,2.212609766,1634
"{Apple Honeycrisp Organic,Organic Baby Carrots} => {Bag of Organic Bananas}",0.000517283,0.329241734,2.789486603,1663
"{Organic Baby Carrots,Organic Cucumber} => {Bag of Organic Bananas}",0.000523815,0.352596315,2.987357294,1684
"{Cucumber Kirby,Organic Baby Carrots} => {Banana}",0.000710137,0.387014748,2.632873048,2283
"{Organic Baby Carrots,Organic Whole Milk} => {Banana}",0.000581049,0.306531014,2.085339768,1868
"{Organic Baby Carrots,Strawberries} => {Banana}",0.000538124,0.320192486,2.178279172,1730
"{Organic Baby Carrots,Organic Raspberries} => {Organic Strawberries}",0.000608422,0.325511732,3.953707662,1956
"{Organic Baby Carrots,Organic Raspberries} => {Bag of Organic Bananas}",0.000656946,0.351472791,2.977838284,2112
"{Large Lemon,Organic Baby Carrots} => {Banana}",0.000675299,0.323402354,2.200116002,2171
"{Organic Avocado,Organic Baby Carrots} => {Banana}",0.000921342,0.36667492,2.494500577,2962
"{Organic Baby Carrots,Organic Hass Avocado} => {Bag of Organic Bananas}",0.0010946,0.352287516,2.984741011,3519
"{Honeycrisp Apple,Seedless Red Grapes} => {Banana}",0.000852288,0.435542839,2.963011118,2740
"{Cucumber Kirby,Honeycrisp Apple} => {Banana}",0.000910456,0.44906413,3.054996871,2927
"{Honeycrisp Apple,Organic Whole Milk} => {Banana}",0.000771725,0.402629017,2.739097388,2481
"{Honeycrisp Apple,Strawberries} => {Banana}",0.001149967,0.490578556,3.337420769,3697
"{Honeycrisp Apple,Limes} => {Banana}",0.000835492,0.384098384,2.613032934,2686
"{Honeycrisp Apple,Large Lemon} => {Banana}",0.001205024,0.40843437,2.778591383,3874
"{Honeycrisp Apple,Organic Avocado} => {Banana}",0.001497415,0.435813869,2.964854945,4814
"{Honeycrisp Apple,Organic Baby Spinach} => {Banana}",0.001221199,0.386037365,2.626223878,3926
"{Honeycrisp Apple,Organic Strawberries} => {Banana}",0.001319803,0.370082861,2.517684905,4243
"{Organic Fuji Apple,Seedless Red Grapes} => {Banana}",0.000828959,0.467872191,3.182948678,2665
"{Cucumber Kirby,Seedless Red Grapes} => {Banana}",0.000782301,0.441848208,3.005906734,2515
"{Organic Whole Milk,Seedless Red Grapes} => {Banana}",0.000657569,0.367077618,2.497240145,2114
"{Seedless Red Grapes,Strawberries} => {Banana}",0.001193515,0.381981085,2.598628885,3837
"{Organic Raspberries,Seedless Red Grapes} => {Organic Strawberries}",0.000646371,0.34375517,4.175294813,2078
"{Organic Raspberries,Seedless Red Grapes} => {Bag of Organic Bananas}",0.000631129,0.335649297,2.843774405,2029
"{Limes,Seedless Red Grapes} => {Banana}",0.000668766,0.362257793,2.46445073,2150
"{Large Lemon,Seedless Red Grapes} => {Banana}",0.000899569,0.395730706,2.692167973,2892
"{Organic Avocado,Seedless Red Grapes} => {Banana}",0.001011237,0.416688029,2.834741273,3251
"{Organic Hass Avocado,Seedless Red Grapes} => {Bag of Organic Bananas}",0.000849178,0.342191025,2.89919892,2730
"{Organic Baby Spinach,Seedless Red Grapes} => {Banana}",0.000986664,0.338744126,2.304486546,3172
"{Organic Strawberries,Seedless Red Grapes} => {Banana}",0.001378592,0.31804808,2.163690718,4432
"{Cucumber Kirby,Organic Fuji Apple} => {Banana}",0.001024924,0.462585989,3.146986486,3295
"{Organic Fuji Apple,Organic Whole Milk} => {Banana}",0.000635484,0.389365352,2.648864274,2043
"{Organic Fuji Apple,Strawberries} => {Banana}",0.001141258,0.490180361,3.334711832,3669
"{Organic Fuji Apple,Organic Raspberries} => {Banana}",0.000542478,0.3437808,2.338751191,1744
"{Limes,Organic Fuji Apple} => {Banana}",0.000715425,0.406073446,2.762529948,2300
"{Large Lemon,Organic Fuji Apple} => {Banana}",0.001093978,0.426406402,2.900855657,3517
"{Organic Avocado,Organic Fuji Apple} => {Banana}",0.001322291,0.453585147,3.085753487,4251
"{Organic Fuji Apple,Organic Hass Avocado} => {Banana}",0.000753995,0.33503801,2.279273722,2424
"{Organic Baby Spinach,Organic Fuji Apple} => {Banana}",0.001148723,0.394973262,2.687015058,3693
"{Organic Fuji Apple,Organic Strawberries} => {Banana}",0.001169875,0.390469269,2.656374258,3761
"{Apple Honeycrisp Organic,Organic Cucumber} => {Bag of Organic Bananas}",0.000681209,0.377001205,3.194126689,2190
"{Apple Honeycrisp Organic,Organic Lemon} => {Organic Hass Avocado}",0.000624286,0.33799259,5.087476544,2007
"{Apple Honeycrisp Organic,Organic Lemon} => {Bag of Organic Bananas}",0.000738754,0.399966319,3.388697638,2375
"{Apple Honeycrisp Organic,Organic Blueberries} => {Bag of Organic Bananas}",0.000503286,0.341350211,2.892075157,1618
"{Apple Honeycrisp Organic,Organic Zucchini} => {Bag of Organic Bananas}",0.000679653,0.352419355,2.985858008,2185
"{Apple Honeycrisp Organic,Organic Garlic} => {Bag of Organic Bananas}",0.000591003,0.322580645,2.733050808,1900
"{Apple Honeycrisp Organic,Organic Yellow Onion} => {Bag of Organic Bananas}",0.000800031,0.337710084,2.861234336,2572
"{Apple Honeycrisp Organic,Organic Whole Milk} => {Bag of Organic Bananas}",0.000653214,0.307602168,2.606146295,2100
"{Apple Honeycrisp Organic,Organic Raspberries} => {Organic Strawberries}",0.000991019,0.302564103,3.674982778,3186
"{Apple Honeycrisp Organic,Organic Raspberries} => {Bag of Organic Bananas}",0.001329135,0.405792972,3.438063715,4273
"{Apple Honeycrisp Organic,Large Lemon} => {Banana}",0.000663479,0.301697313,2.05245595,2133
"{Apple Honeycrisp Organic,Organic Avocado} => {Banana}",0.00073471,0.31992415,2.176453677,2362
"{Apple Honeycrisp Organic,Organic Hass Avocado} => {Bag of Organic Bananas}",0.00206851,0.428506991,3.630507275,6650
"{Apple Honeycrisp Organic,Organic Baby Spinach} => {Bag of Organic Bananas}",0.001193826,0.319115324,2.70369102,3838
"{Apple Honeycrisp Organic,Organic Strawberries} => {Bag of Organic Bananas}",0.001711731,0.346754883,2.937866014,5503
"{Organic Cucumber,Organic Lemon} => {Organic Hass Avocado}",0.000860376,0.332972192,5.011909334,2766
"{Organic Cucumber,Organic Lemon} => {Bag of Organic Bananas}",0.000862864,0.333935235,2.829252091,2774
"{Organic Blueberries,Organic Cucumber} => {Organic Strawberries}",0.000534702,0.353049908,4.288189905,1719
"{Organic Blueberries,Organic Cucumber} => {Bag of Organic Bananas}",0.000536257,0.354076812,2.999900747,1724
"{Organic Cucumber,Organic Zucchini} => {Bag of Organic Bananas}",0.00084389,0.331298083,2.806908928,2713
"{Organic Cucumber,Organic Garlic} => {Bag of Organic Bananas}",0.000737198,0.32293228,2.736030016,2370
"{Organic Cucumber,Organic Yellow Onion} => {Organic Hass Avocado}",0.000773281,0.313532602,4.719303926,2486
"{Organic Cucumber,Organic Yellow Onion} => {Bag of Organic Bananas}",0.000804386,0.326144533,2.763245694,2586
"{Organic Cucumber,Organic Whole Milk} => {Bag of Organic Bananas}",0.000590692,0.318143743,2.69545934,1899
"{Organic Cucumber,Organic Raspberries} => {Organic Hass Avocado}",0.000852288,0.317976094,4.786187526,2740
"{Organic Cucumber,Organic Raspberries} => {Organic Strawberries}",0.000872507,0.325519322,3.95379985,2805
"{Organic Cucumber,Organic Raspberries} => {Bag of Organic Bananas}",0.001085579,0.405013346,3.43145836,3490
"{Organic Cucumber,Organic Hass Avocado} => {Bag of Organic Bananas}",0.002094328,0.385712649,3.267934027,6733
"{Bag of Organic Bananas,Organic Cucumber} => {Organic Hass Avocado}",0.002094328,0.312668338,4.706295003,6733
"{Organic Baby Spinach,Organic Cucumber} => {Bag of Organic Bananas}",0.001587621,0.322772402,2.734675463,5104
"{Organic Cucumber,Organic Strawberries} => {Bag of Organic Bananas}",0.001748747,0.339595288,2.87720665,5622
"{Organic Grape Tomatoes,Organic Lemon} => {Organic Hass Avocado}",0.000526615,0.319795995,4.813580751,1693
"{Organic Grape Tomatoes,Organic Lemon} => {Bag of Organic Bananas}",0.000545278,0.331129581,2.805481301,1753
"{Organic Blueberries,Organic Lemon} => {Bag of Organic Bananas}",0.000533458,0.348789913,2.955107712,1715
"{Organic Lemon,Organic Zucchini} => {Organic Hass Avocado}",0.000682764,0.301635289,4.540225152,2195
"{Organic Lemon,Organic Zucchini} => {Bag of Organic Bananas}",0.000729422,0.322248179,2.730234004,2345
"{Organic Lemon,Organic Yellow Onion} => {Organic Hass Avocado}",0.001028656,0.312275732,4.700385474,3307
"{Organic Lemon,Organic Yellow Onion} => {Bag of Organic Bananas}",0.001028656,0.312275732,2.645742867,3307
"{Organic Lemon,Organic Raspberries} => {Organic Hass Avocado}",0.001134415,0.360055287,5.419565043,3647
"{Organic Lemon,Organic Raspberries} => {Organic Strawberries}",0.000998173,0.316813111,3.848053079,3209
"{Organic Lemon,Organic Raspberries} => {Bag of Organic Bananas}",0.001266924,0.402112746,3.406883149,4073
"{Organic Baby Spinach,Organic Lemon} => {Organic Hass Avocado}",0.001374548,0.318050957,4.787314373,4419
"{Organic Lemon,Organic Strawberries} => {Organic Hass Avocado}",0.001562736,0.33157339,4.990854509,5024
"{Organic Hass Avocado,Organic Lemon} => {Bag of Organic Bananas}",0.002477858,0.374941165,3.17667309,7966
"{Bag of Organic Bananas,Organic Lemon} => {Organic Hass Avocado}",0.002477858,0.355895099,5.356945747,7966
"{Organic Baby Spinach,Organic Lemon} => {Bag of Organic Bananas}",0.001436448,0.332373686,2.816021934,4618
"{Organic Lemon,Organic Strawberries} => {Bag of Organic Bananas}",0.001690579,0.358698522,3.039057982,5435
"{Organic Blueberries,Organic Grape Tomatoes} => {Organic Strawberries}",0.000598468,0.333795975,4.054329146,1924
"{Cucumber Kirby,Organic Grape Tomatoes} => {Banana}",0.000828648,0.375899534,2.557255911,2664
"{Organic Grape Tomatoes,Strawberries} => {Banana}",0.000617754,0.376421531,2.560807073,1986
"{Organic Grape Tomatoes,Organic Raspberries} => {Organic Strawberries}",0.000860065,0.342160624,4.155927252,2765
"{Organic Grape Tomatoes,Organic Raspberries} => {Bag of Organic Bananas}",0.000872196,0.346986759,2.939830571,2804
"{Large Lemon,Organic Grape Tomatoes} => {Banana}",0.000860376,0.305534077,2.078557575,2766
"{Organic Avocado,Organic Grape Tomatoes} => {Banana}",0.001214044,0.3193683,2.172672216,3903
"{Organic Grape Tomatoes,Organic Hass Avocado} => {Bag of Organic Bananas}",0.001429916,0.344447775,2.918319133,4597
"{Organic Blueberries,Organic Zucchini} => {Bag of Organic Bananas}",0.000516039,0.308651163,2.61503386,1659
"{Organic Blueberries,Organic Whole Milk} => {Organic Strawberries}",0.000715114,0.336111111,4.082449089,2299
"{Organic Blueberries,Organic Raspberries} => {Organic Strawberries}",0.001337844,0.319491903,3.880590036,4301
"{Organic Blueberries,Organic Raspberries} => {Bag of Organic Bananas}",0.001370505,0.327291636,2.772964475,4406
"{Limes,Organic Blueberries} => {Organic Strawberries}",0.000527859,0.30046034,3.649430205,1697
"{Large Lemon,Organic Blueberries} => {Banana}",0.000688052,0.33158447,2.255779187,2212
"{Organic Avocado,Organic Blueberries} => {Banana}",0.000976088,0.340420916,2.315893794,3138
"{Organic Blueberries,Organic Hass Avocado} => {Organic Strawberries}",0.001237685,0.324260451,3.938509442,3979
"{Organic Blueberries,Organic Hass Avocado} => {Bag of Organic Bananas}",0.001484662,0.388965854,3.295496672,4773
"{Cucumber Kirby,Organic Zucchini} => {Banana}",0.000605934,0.315874818,2.148905946,1948
"{Cucumber Kirby,Organic Garlic} => {Banana}",0.000623353,0.338227848,2.300974289,2004
"{Cucumber Kirby,Organic Whole Milk} => {Banana}",0.000823671,0.422328549,2.873113901,2648
"{Cucumber Kirby,Strawberries} => {Banana}",0.001231464,0.445131549,3.028243405,3959
"{Cucumber Kirby,Limes} => {Large Lemon}",0.001026479,0.307033867,6.465967466,3300
"{Cucumber Kirby,Limes} => {Banana}",0.001213422,0.362951247,2.469168318,3901
"{Cucumber Kirby,Large Lemon} => {Banana}",0.001688402,0.375458256,2.554253878,5428
"{Cucumber Kirby,Organic Avocado} => {Banana}",0.002051091,0.423506744,2.881129198,6594
"{Cucumber Kirby,Organic Hass Avocado} => {Banana}",0.00092352,0.324729301,2.209143265,2969
"{Cucumber Kirby,Organic Baby Spinach} => {Banana}",0.001893076,0.385287415,2.621121944,6086
"{Cucumber Kirby,Organic Strawberries} => {Banana}",0.001541273,0.411374014,2.798589871,4955
"{Organic Zucchini,Strawberries} => {Banana}",0.000615887,0.358435916,2.438450387,1980
"{Organic Raspberries,Organic Zucchini} => {Bag of Organic Bananas}",0.001126016,0.385270328,3.26418648,3620
"{Organic Hass Avocado,Organic Zucchini} => {Bag of Organic Bananas}",0.001897742,0.370566084,3.139605396,6101
"{Organic Strawberries,Organic Zucchini} => {Bag of Organic Bananas}",0.001573312,0.330156658,2.797238254,5058
"{Organic Garlic,Organic Raspberries} => {Bag of Organic Bananas}",0.000840468,0.365036477,3.092756036,2702
"{Organic Avocado,Organic Garlic} => {Banana}",0.001321047,0.311158327,2.116819515,4247
"{Organic Garlic,Organic Hass Avocado} => {Bag of Organic Bananas}",0.001824333,0.331412104,2.807874965,5865
"{Organic Raspberries,Organic Yellow Onion} => {Bag of Organic Bananas}",0.001034566,0.386654266,3.275911841,3326
"{Organic Hass Avocado,Organic Yellow Onion} => {Bag of Organic Bananas}",0.002201641,0.355196467,3.009386973,7078
"{Organic Strawberries,Organic Yellow Onion} => {Bag of Organic Bananas}",0.001648898,0.318359258,2.697285282,5301
"{Organic Whole Milk,Strawberries} => {Banana}",0.000917921,0.388085218,2.640155488,2951
"{Organic Raspberries,Organic Whole Milk} => {Organic Strawberries}",0.000998795,0.310151647,3.767142074,3211
"{Organic Raspberries,Organic Whole Milk} => {Bag of Organic Bananas}",0.001070026,0.332270839,2.815150566,3440
"{Limes,Organic Whole Milk} => {Banana}",0.000818072,0.312018033,2.122668123,2630
"{Large Lemon,Organic Whole Milk} => {Banana}",0.001028656,0.340892691,2.319103299,3307
"{Organic Avocado,Organic Whole Milk} => {Banana}",0.001614371,0.397062199,2.701226158,5190
"{Organic Hass Avocado,Organic Whole Milk} => {Bag of Organic Bananas}",0.001619037,0.351974574,2.982089621,5205
"{Limes,Strawberries} => {Banana}",0.00094125,0.3785339,2.575177583,3026
"{Large Lemon,Strawberries} => {Banana}",0.001502081,0.423856754,2.883510329,4829
"{Organic Avocado,Strawberries} => {Banana}",0.001645477,0.415032167,2.823476395,5290
"{Organic Hass Avocado,Strawberries} => {Banana}",0.000748085,0.315782563,2.148278335,2405
"{Organic Baby Spinach,Strawberries} => {Banana}",0.001365528,0.319249509,2.171864075,4390
"{Limes,Organic Raspberries} => {Bag of Organic Bananas}",0.000892103,0.304879345,2.583077296,2868
"{Organic Avocado,Organic Raspberries} => {Banana}",0.000881528,0.307709012,2.093353723,2834
"{Organic Hass Avocado,Organic Raspberries} => {Organic Strawberries}",0.00245484,0.305974489,3.716405776,7892
"{Organic Hass Avocado,Organic Raspberries} => {Bag of Organic Bananas}",0.003548817,0.442329314,3.747616317,11409
"{Organic Baby Spinach,Organic Raspberries} => {Bag of Organic Bananas}",0.002005366,0.357293283,3.027152158,6447
"{Organic Raspberries,Organic Strawberries} => {Bag of Organic Bananas}",0.003603252,0.342084281,2.898294532,11584
"{Limes,Organic Avocado} => {Banana}",0.002261053,0.330258973,2.246761792,7269
"{Large Lemon,Organic Avocado} => {Banana}",0.002620009,0.344964574,2.346804438,8423
"{Large Lemon,Organic Baby Spinach} => {Banana}",0.002252343,0.317476324,2.159801043,7241
"{Large Lemon,Organic Strawberries} => {Banana}",0.001707687,0.336706532,2.290624728,5490
"{Organic Avocado,Organic Baby Spinach} => {Banana}",0.003350054,0.348667811,2.37199767,10770
"{Organic Avocado,Organic Strawberries} => {Banana}",0.002706171,0.362741828,2.467743636,8700
"{Organic Baby Spinach,Organic Hass Avocado} => {Bag of Organic Bananas}",0.003793617,0.349445575,2.960662781,12196
"{Organic Hass Avocado,Organic Strawberries} => {Bag of Organic Bananas}",0.004686342,0.369319018,3.129039681,15066
"{Organic Hass Avocado,Organic Large Extra Fancy Fuji Apple,Organic Strawberries} => {Bag of Organic Bananas}",0.000525371,0.472447552,4.002791811,1689
"{Bag of Organic Bananas,Organic Large Extra Fancy Fuji Apple,Organic Strawberries} => {Organic Hass Avocado}",0.000525371,0.306589218,4.614791859,1689
"{Apple Honeycrisp Organic,Organic Hass Avocado,Organic Raspberries} => {Bag of Organic Bananas}",0.000503286,0.544597779,4.614081535,1618
"{Apple Honeycrisp Organic,Bag of Organic Bananas,Organic Raspberries} => {Organic Hass Avocado}",0.000503286,0.378656681,5.6995539,1618
"{Apple Honeycrisp Organic,Organic Hass Avocado,Organic Strawberries} => {Bag of Organic Bananas}",0.000545589,0.484129175,4.101763859,1754
"{Apple Honeycrisp Organic,Bag of Organic Bananas,Organic Strawberries} => {Organic Hass Avocado}",0.000545589,0.318735235,4.797614152,1754
"{Organic Baby Spinach,Organic Cucumber,Organic Hass Avocado} => {Bag of Organic Bananas}",0.000573273,0.43870507,3.716910064,1843
"{Bag of Organic Bananas,Organic Baby Spinach,Organic Cucumber} => {Organic Hass Avocado}",0.000573273,0.361089342,5.435129674,1843
"{Organic Cucumber,Organic Hass Avocado,Organic Strawberries} => {Bag of Organic Bananas}",0.000623975,0.443707144,3.759289926,2006
"{Bag of Organic Bananas,Organic Cucumber,Organic Strawberries} => {Organic Hass Avocado}",0.000623975,0.356812522,5.370754835,2006
"{Organic Hass Avocado,Organic Lemon,Organic Raspberries} => {Bag of Organic Bananas}",0.000573273,0.50534686,4.2815298,1843
"{Bag of Organic Bananas,Organic Lemon,Organic Raspberries} => {Organic Hass Avocado}",0.000573273,0.452492021,6.810926063,1843
"{Organic Baby Spinach,Organic Hass Avocado,Organic Lemon} => {Bag of Organic Bananas}",0.000606245,0.441050011,3.736777478,1949
"{Bag of Organic Bananas,Organic Baby Spinach,Organic Lemon} => {Organic Hass Avocado}",0.000606245,0.422044175,6.352624003,1949
"{Organic Hass Avocado,Organic Lemon,Organic Strawberries} => {Bag of Organic Bananas}",0.000692718,0.443272293,3.755605665,2227
"{Bag of Organic Bananas,Organic Lemon,Organic Strawberries} => {Organic Hass Avocado}",0.000692718,0.40975161,6.167595874,2227
"{Organic Blueberries,Organic Hass Avocado,Organic Strawberries} => {Bag of Organic Bananas}",0.000515728,0.41668761,3.530368068,1658
"{Bag of Organic Bananas,Organic Blueberries,Organic Hass Avocado} => {Organic Strawberries}",0.000515728,0.347370626,4.219208621,1658
"{Cucumber Kirby,Organic Avocado,Organic Baby Spinach} => {Banana}",0.000513862,0.457111234,3.109741563,1652
"{Organic Hass Avocado,Organic Strawberries,Organic Zucchini} => {Bag of Organic Bananas}",0.000509507,0.469879518,3.981034249,1638
"{Bag of Organic Bananas,Organic Strawberries,Organic Zucchini} => {Organic Hass Avocado}",0.000509507,0.323843416,4.874502675,1638
"{Organic Garlic,Organic Hass Avocado,Organic Yellow Onion} => {Bag of Organic Bananas}",0.000549633,0.376839411,3.192755899,1767
"{Bag of Organic Bananas,Organic Garlic,Organic Yellow Onion} => {Organic Hass Avocado}",0.000549633,0.323211999,4.864998562,1767
"{Bag of Organic Bananas,Organic Garlic,Organic Hass Avocado} => {Organic Yellow Onion}",0.000549633,0.301278772,8.539252835,1767
"{Organic Baby Spinach,Organic Hass Avocado,Organic Yellow Onion} => {Bag of Organic Bananas}",0.000572029,0.403201052,3.416103782,1839
"{Bag of Organic Bananas,Organic Baby Spinach,Organic Yellow Onion} => {Organic Hass Avocado}",0.000572029,0.333877996,5.025543521,1839
"{Organic Hass Avocado,Organic Strawberries,Organic Yellow Onion} => {Bag of Organic Bananas}",0.000561142,0.419144981,3.551188043,1804
"{Bag of Organic Bananas,Organic Strawberries,Organic Yellow Onion} => {Organic Hass Avocado}",0.000561142,0.340313148,5.122405671,1804
"{Organic Baby Spinach,Organic Hass Avocado,Organic Raspberries} => {Bag of Organic Bananas}",0.000725067,0.484917828,4.108445692,2331
"{Bag of Organic Bananas,Organic Baby Spinach,Organic Raspberries} => {Organic Hass Avocado}",0.000725067,0.361563518,5.442266991,2331
"{Organic Hass Avocado,Organic Raspberries,Organic Strawberries} => {Bag of Organic Bananas}",0.001190715,0.48504815,4.109549839,3828
"{Bag of Organic Bananas,Organic Hass Avocado,Organic Raspberries} => {Organic Strawberries}",0.001190715,0.335524586,4.075325077,3828
"{Bag of Organic Bananas,Organic Raspberries,Organic Strawberries} => {Organic Hass Avocado}",0.001190715,0.330455801,4.974032526,3828
"{Organic Baby Spinach,Organic Raspberries,Organic Strawberries} => {Bag of Organic Bananas}",0.000652903,0.397161779,3.364936292,2099
"{Bag of Organic Bananas,Organic Baby Spinach,Organic Raspberries} => {Organic Strawberries}",0.000652903,0.325577788,3.954509984,2099
"{Large Lemon,Limes,Organic Baby Spinach} => {Organic Avocado}",0.000503597,0.324124124,5.893268215,1619
"{Limes,Organic Avocado,Organic Baby Spinach} => {Large Lemon}",0.000503597,0.341633256,7.194611922,1619
"{Large Lemon,Limes,Organic Avocado} => {Banana}",0.000705782,0.366263115,2.491699061,2269
"{Banana,Limes,Organic Avocado} => {Large Lemon}",0.000705782,0.312147476,6.573657306,2269
"{Large Lemon,Limes,Organic Baby Spinach} => {Banana}",0.000536257,0.345145145,2.34803287,1724
"{Limes,Organic Avocado,Organic Baby Spinach} => {Banana}",0.000571718,0.387845537,2.638524929,1838
"{Banana,Limes,Organic Baby Spinach} => {Organic Avocado}",0.000571718,0.301064701,5.473998698,1838
"{Large Lemon,Organic Avocado,Organic Baby Spinach} => {Banana}",0.00071418,0.392277465,2.668675466,2296
"{Banana,Large Lemon,Organic Baby Spinach} => {Organic Avocado}",0.00071418,0.317083276,5.765250568,2296
"{Organic Avocado,Organic Baby Spinach,Organic Strawberries} => {Banana}",0.000618376,0.382602002,2.602852998,1988
"{Organic Baby Spinach,Organic Hass Avocado,Organic Strawberries} => {Bag of Organic Bananas}",0.00104172,0.411526174,3.486638017,3349
"{Bag of Organic Bananas,Organic Baby Spinach,Organic Strawberries} => {Organic Hass Avocado}",0.00104172,0.305370657,4.596450047,3349
